t_s,target_0,target_1,present_0,present_1
0.000,-0.17449979194010798,0.17449979194010798,-0.1963495408493623,0.1687378866674205
0.021,-0.1660200381807874,0.1660200381807874,-0.1810097329705056,0.1672039058795347
0.041,-0.15757269065530183,0.15757269065530183,-0.1794757521826198,0.1687378866674205
0.062,-0.1491351316791104,0.1491351316791104,-0.17794177139473444,0.1702718674553063
0.082,-0.14081894964998903,0.14081894964998903,-0.17794177139473444,0.17180584824319167
0.102,-0.13254251273039055,0.13254251273039055,-0.17794177139473444,0.17180584824319167
0.123,-0.12430127095120744,0.12430127095120744,-0.17794177139473444,0.1672039058795347
0.143,-0.11613237588785086,0.11613237588785086,-0.1702718674553063,0.15493205957644962
0.163,-0.10800487561684047,0.10800487561684047,-0.1702718674553063,0.15493205957644962
0.184,-0.09993470291269017,0.09993470291269017,-0.16413594430376355,0.13805827090970757
0.204,-0.091955527568384,0.091955527568384,-0.15800002115222123,0.12885438618239364
0.225,-0.08402897466611019,0.08402897466611019,-0.15800002115222123,0.12885438618239364
0.245,-0.07617418873487149,0.07617418873487149,-0.14266021327336453,0.10737865515199507
0.266,-0.06842418155795671,0.06842418155795671,-0.13805827090970757,0.09664078963679534
0.286,-0.06082836055764586,0.06082836055764586,-0.13805827090970757,0.08743690490948142
0.306,-0.05334041689531881,0.05334041689531881,-0.1365242901218222,0.07823302018216749
0.327,-0.0459724067334934,0.0459724067334934,-0.12885438618239364,0.06902913545485401
0.347,-0.038721919493134666,0.038721919493134666,-0.11658253987930856,0.06289321230331124
0.368,-0.03155212253893902,0.03155212253893902,-0.0997087512125665,0.053689327575997314
0.388,-0.024589762018700695,0.024589762018700695,-0.0813009817579391,0.04448544284868339
0.408,-0.017815302971985164,0.017815302971985164,-0.05982525072754008,0.03988350048502687
0.429,-0.011193155488744527,0.011193155488744527,-0.04448544284868339,0.0337475773334841
0.449,-0.00468559819637121,0.00468559819637121,-0.03067961575771294,0.026077673394055978
0.470,0.0016403966523384494,-0.0016403966523384494,-0.021475731030399015,0.018407769454627854
0.490,0.007774282627649898,-0.007774282627649898,-0.015339807878856249,0.010737865515199285
0.511,0.01369045008885092,-0.01369045008885092,-0.009203884727313927,0.004601942363656963
0.531,0.019415551404492942,-0.019415551404492942,-0.006135923151542766,-0.003067961575771161
0.551,0.024936325853764985,-0.024936325853764985,-0.004601942363656963,-0.006135923151542766
0.572,0.030252187292433785,-0.030252187292433785,-0.004601942363656963,-0.012271846303085088
0.592,0.03536647897457981,-0.03536647897457981,0.0,-0.015339807878856249
0.612,0.04026282052151478,-0.04026282052151478,0.010737865515199285,-0.021475731030399015
0.633,0.044929637439989845,-0.044929637439989845,0.021475731030399015,-0.02914563496982714
0.653,0.04938620994519602,-0.04938620994519602,0.02914563496982714,-0.035281558121369905
0.674,0.05362563579253116,-0.05362563579253116,0.03681553890925526,-0.03988350048502687
0.694,0.05760748291134468,-0.05760748291134468,0.04295146206079803,-0.04295146206079803
0.714,0.061367746332760514,-0.061367746332760514,0.04601942363656919,-0.04601942363656919
0.735,0.06490799779814052,-0.06490799779814052,0.04755340442445499,-0.052155346788111956
0.755,0.06817420480545996,-0.06817420480545996,0.04908738521234035,-0.05675728915176892
0.775,0.07118568864027447,-0.07118568864027447,0.04908738521234035,-0.05982525072754008
0.796,0.07394310332172407,-0.07394310332172407,0.04908738521234035,-0.06442719309119704
0.816,0.07645009695167365,-0.07645009695167365,0.04908738521234035,-0.0674951546669682
0.836,0.07869662817590323,-0.07869662817590323,0.04908738521234035,-0.06902913545485401
0.857,0.08068952819986486,-0.08068952819986486,0.05062136600022615,-0.06902913545485401
0.877,0.08241679933691715,-0.08241679933691715,0.053689327575997314,-0.07209709703062517
0.897,0.08388773229394514,-0.08388773229394514,0.06135923151542544,-0.07363107781851097
0.917,0.08510181797281557,-0.08510181797281557,0.07056311624273937,-0.07823302018216749
0.938,0.08604701221187305,-0.08604701221187305,0.07516505860639633,-0.08436894333371026
0.958,0.08673025408927537,-0.08673025408927537,0.07516505860639633,-0.08283496254582445
0.978,0.08714738879892009,-0.08714738879892009,0.07363107781851097,-0.08436894333371026
0.999,0.08729875504127932,-0.08729875504127932,0.07363107781851097,-0.08743690490948142
1.019,0.08717824079180203,-0.08717824079180203,0.07516505860639633,-0.08743690490948142
1.040,0.08678470090083151,-0.08678470090083151,0.07363107781851097,-0.08743690490948142
1.060,0.08612270691642748,-0.08612270691642748,0.07516505860639633,-0.08743690490948142
1.081,0.08519383141131731,-0.08519383141131731,0.07363107781851097,-0.08743690490948142
1.101,0.084009911573382,-0.084009911573382,0.07516505860639633,-0.08743690490948142
1.121,0.08255470980869939,-0.08255470980869939,0.07516505860639633,-0.08743690490948142
1.142,0.08082386898563798,-0.08082386898563798,0.07516505860639633,-0.08743690490948142
1.162,0.07882553750792781,-0.07882553750792781,0.07363107781851097,-0.08436894333371026
1.183,0.07656384780845066,-0.07656384780845066,0.07363107781851097,-0.08283496254582445
1.204,0.0740369979573848,-0.0740369979573848,0.07363107781851097,-0.0813009817579391
1.224,0.07125862234225344,-0.07125862234225344,0.07363107781851097,-0.0813009817579391
1.244,0.06823147397810042,-0.06823147397810042,0.07363107781851097,-0.0813009817579391
1.265,0.06493917674599442,-0.06493917674599442,0.07516505860639633,-0.0813009817579391
1.286,0.06139511151468899,-0.06139511151468899,0.07363107781851097,-0.0813009817579391
1.306,0.057593932500479256,-0.057593932500479256,0.07363107781851097,-0.0813009817579391
1.327,0.05352239171471784,-0.05352239171471784,0.07363107781851097,-0.07976700097005329
1.348,0.04921509577513791,-0.04921509577513791,0.07363107781851097,-0.07823302018216749
1.368,0.04467184458753887,-0.04467184458753887,0.07363107781851097,-0.07516505860639633
1.389,0.03993311749449824,-0.03993311749449824,0.07363107781851097,-0.0659611738790824
1.410,0.03497696790624674,-0.03497696790624674,0.07363107781851097,-0.05522330836388312
1.430,0.029752452811965174,-0.029752452811965174,0.07363107781851097,-0.04755340442445499
1.451,0.02430290922062714,-0.02430290922062714,0.07363107781851097,-0.04141748127291223
1.472,0.018660708926837438,-0.018660708926837438,0.07363107781851097,-0.04141748127291223
1.492,0.012851045389980664,-0.012851045389980664,0.0674951546669682,-0.03988350048502687
1.513,0.006844923279545445,-0.006844923279545445,0.0337475773334841,-0.021475731030399015
1.534,0.000604965270043889,-0.000604965270043889,0.0337475773334841,-0.021475731030399015
1.554,-0.005762692525653923,0.005762692525653923,0.004601942363656963,-0.01380582709097089
1.575,-0.012287849154854313,0.012287849154854313,0.003067961575771161,-0.012271846303085088
1.595,-0.018972510020094396,0.018972510020094396,0.003067961575771161,-0.004601942363656963
1.616,-0.02587792825757604,0.02587792825757604,-0.0015339807878858025,0.009203884727313927
1.637,-0.03301542195864726,0.03301542195864726,-0.010737865515199285,0.018407769454627854
1.657,-0.0402528686435277,0.0402528686435277,-0.023009711818284817,0.019941750242513212
1.678,-0.04764905934777533,0.04764905934777533,-0.03067961575771294,0.018407769454627854
1.699,-0.05511415777646357,0.05511415777646357,-0.03681553890925526,0.026077673394055978
1.719,-0.06276043980963629,0.06276043980963629,-0.04141748127291223,0.038349519697141066
1.740,-0.07045545880436688,0.07045545880436688,-0.04908738521234035,0.053689327575997314
1.761,-0.07832470349554603,0.07832470349554603,-0.05675728915176892,0.05982525072754008
1.781,-0.08625165424840292,0.08625165424840292,-0.06289321230331124,0.05829126993965428
1.802,-0.09429238405580917,0.09429238405580917,-0.06902913545485401,0.05522330836388312
1.823,-0.1025104905279667,0.1025104905279667,-0.07516505860639633,0.06135923151542544
1.843,-0.11071745772468353,0.11071745772468353,-0.07976700097005329,0.07516505860639633
1.864,-0.1189321627520834,0.1189321627520834,-0.08590292412159606,0.09510680884890954
1.884,-0.1272202053129733,0.1272202053129733,-0.08897088569736722,0.11044661672776623
1.905,-0.1355330211581576,0.1355330211581576,-0.09510680884890954,0.1135145783035374
1.925,-0.1438933302911474,0.1438933302911474,-0.1012427320004523,0.1135145783035374
1.946,-0.15237939813567045,0.15237939813567045,-0.10584467436410927,0.11965050145508016
1.967,-0.16080924699805574,0.16080924699805574,-0.1135145783035374,0.13038836697027945
1.987,-0.16928571177353227,0.16928571177353227,-0.12271846303085132,0.1457281748491357
2.008,-0.1777237931436645,0.1777237931436645,-0.13038836697027945,0.15800002115222123
2.028,-0.18615341476624192,0.18615341476624192,-0.13805827090970757,0.16260196351587775
2.049,-0.19454302376521646,0.19454302376521646,-0.1487961364249073,0.16566992509164935
2.069,-0.202827119380621,0.202827119380621,-0.15953400194010658,0.1702718674553063
2.089,-0.21108297605970486,0.21108297605970486,-0.17333982903107747,0.18407769454627676
2.110,-0.2194156899791779,0.2194156899791779,-0.18561167533416256,0.19021361769781953
2.130,-0.22769618670030986,0.22769618670030986,-0.1963495408493623,0.1932815792735907
2.151,-0.2359008398756678,0.2359008398756678,-0.20862138715244738,0.2024854640009046
2.171,-0.24399906279633915,0.24399906279633915,-0.22089323345553247,0.22242721424341783
2.191,-0.25204315725487786,0.25204315725487786,-0.2300971181828464,0.23316507975861755
2.212,-0.26000323355497057,0.26000323355497057,-0.23316507975861755,0.23163109897073175
2.232,-0.26790079398191313,0.26790079398191313,-0.23316507975861755,0.23316507975861755
2.252,-0.27563335590171617,0.27563335590171617,-0.24083498369804568,0.24697090684958845
2.273,-0.28336900268971166,0.28336900268971166,-0.25310683000113077,0.25770877236478773
2.294,-0.29101113520841465,0.29101113520841465,-0.2623107147284447,0.2607767339405589
2.314,-0.298516434606054,0.298516434606054,-0.268446637879987,0.2623107147284447
2.335,-0.30590424595958154,0.30590424595958154,-0.2761165418194156,0.2745825610315298
2.355,-0.31315413486467414,0.31315413486467414,-0.2822524649709579,0.28532042654672907
2.376,-0.3202679050460691,0.3202679050460691,-0.28532042654672907,0.29299033048615764
2.397,-0.32733308635223735,0.32733308635223735,-0.28838838812250067,0.2975922728498146
2.418,-0.33416496407689816,0.33416496407689816,-0.29145634969827183,0.3052621767892427
2.438,-0.34084613963699917,0.34084613963699917,-0.2960582920619288,0.31293208072867085
2.459,-0.3474095185281999,0.3474095185281999,-0.30066023442558576,0.3221359654559848
2.480,-0.3537303644822962,0.3537303644822962,-0.3052621767892427,0.32673790781964174
2.501,-0.35982349213084464,0.35982349213084464,-0.3175340230923278,0.3390097541227268
2.521,-0.3656742750140787,0.3656742750140787,-0.32366994624387013,0.34667965806215495
2.542,-0.37134660872427383,0.37134660872427383,-0.3313398501832987,0.3543495620015831
2.562,-0.37681823446250323,0.37681823446250323,-0.3313398501832987,0.3543495620015831
2.583,-0.3820765818167907,0.3820765818167907,-0.3497476196379261,0.3620194659410112
2.604,-0.38715389922497867,0.38715389922497867,-0.3650874275167828,0.3712233506683251
2.624,-0.391962663494549,0.391962663494549,-0.38042723539563905,0.37889325460775325
2.645,-0.3965725901403458,0.3965725901403458,-0.389631120122953,0.38196121618352485
2.665,-0.40092789889729985,0.40092789889729985,-0.3880971393350672,0.3865631585471814
2.686,-0.4050600805882893,0.4050600805882893,-0.39116510091083834,0.389631120122953
2.707,-0.4089839677568572,0.4089839677568572,-0.3988350048502669,0.3973010240623811
2.728,-0.4126869420381897,0.4126869420381897,-0.40036898563815226,0.4034369472139234
2.748,-0.41610268814859797,0.41610268814859797,-0.4034369472139234,0.40650490878969503
2.769,-0.4192654051134129,0.4192654051134129,-0.4080388895775804,0.4080388895775804
2.790,-0.42215974519004634,0.42215974519004634,-0.41570879351700896,0.4172427743048943
2.810,-0.4247700639238832,0.4247700639238832,-0.4172427743048943,0.41570879351700896
2.831,-0.4271121025566989,0.4271121025566989,-0.4172427743048943,0.41570879351700896
2.852,-0.429211941237616,0.429211941237616,-0.42491267824432244,0.4187767550927801
2.872,-0.4310224722684964,0.4310224722684964,-0.42491267824432244,0.42644665903220824
2.892,-0.43256950253388043,0.43256950253388043,-0.42491267824432244,0.4295146206079794
2.913,-0.433855237570958,0.433855237570958,-0.4295146206079794,0.4295146206079794
2.934,-0.43487671913440584,0.43487671913440584,-0.4295146206079794,0.4295146206079794
2.954,-0.43562428196491243,0.43562428196491243,-0.4310486013958652,0.4310486013958652
2.975,-0.43609621039440677,0.43609621039440677,-0.4310486013958652,0.4310486013958652
2.996,-0.4362932097914914,0.4362932097914914,-0.432582582183751,0.43411656297163637
3.016,-0.43621269100442345,0.43621269100442345,-0.4371845245474075,0.4371845245474075
3.037,-0.4358538946033162,0.4358538946033162,-0.43871850533529333,0.43565054375952217
3.058,-0.435227817386961,0.435227817386961,-0.4371845245474075,0.43565054375952217
3.078,-0.4343402591098406,0.4343402591098406,-0.43871850533529333,0.43565054375952217
3.098,-0.43319332336252553,0.43319332336252553,-0.4371845245474075,0.43565054375952217
3.119,-0.4317681801615991,0.4317681801615991,-0.4371845245474075,0.43565054375952217
3.139,-0.43007049756332316,0.43007049756332316,-0.4371845245474075,0.43565054375952217
3.160,-0.42810407547863627,0.42810407547863627,-0.4371845245474075,0.43411656297163637
3.180,-0.425877816479023,0.425877816479023,-0.4371845245474075,0.43411656297163637
3.201,-0.4233614210665697,0.4233614210665697,-0.4371845245474075,0.43411656297163637
3.222,-0.42060910428120485,0.42060910428120485,-0.4371845245474075,0.43411656297163637
3.242,-0.4175975745279293,0.4175975745279293,-0.4371845245474075,0.43411656297163637
3.262,-0.41436539478512635,0.41436539478512635,-0.4371845245474075,0.43411656297163637
3.283,-0.41091281735314744,0.41091281735314744,-0.4371845245474075,0.432582582183751
3.303,-0.40718257661904556,0.40718257661904556,-0.4371845245474075,0.432582582183751
3.324,-0.40319105045597786,0.40319105045597786,-0.4371845245474075,0.432582582183751
3.344,-0.3989308317680293,0.3989308317680293,-0.4371845245474075,0.4310486013958652
3.365,-0.39444573823978524,0.39444573823978524,-0.4371845245474075,0.42644665903220824
3.385,-0.38974981945714415,0.38974981945714415,-0.4371845245474075,0.42491267824432244
3.406,-0.3848582082565931,0.3848582082565931,-0.4371845245474075,0.4218447166685513
3.426,-0.37974757000423215,0.37974757000423215,-0.43565054375952217,0.4187767550927801
3.447,-0.37440435757159357,0.37440435757159357,-0.43565054375952217,0.41264083194123735
3.468,-0.36881571656840606,0.36881571656840606,-0.42798063982009404,0.4049709280018092
3.488,-0.3630206195931418,0.3630206195931418,-0.4172427743048943,0.3973010240623811
3.509,-0.35705663363444273,0.35705663363444273,-0.4080388895775804,0.39116510091083834
3.529,-0.35091189026772973,0.35091189026772973,-0.389631120122953,0.37889325460775325
3.550,-0.34453524035177124,0.34453524035177124,-0.389631120122953,0.37889325460775325
3.571,-0.3379514209440705,0.3379514209440705,-0.38042723539563905,0.36815538909255396
3.592,-0.3311913248751719,0.3311913248751719,-0.3742913122440963,0.363553446728897
3.612,-0.32430515158666473,0.32430515158666473,-0.3696893698804393,0.35741752357735423
3.633,-0.31724690422652035,0.31724690422652035,-0.363553446728897,0.34667965806215495
3.654,-0.3099533075804244,0.3099533075804244,-0.35895150436524004,0.3405437349106122
3.674,-0.3026145752998143,0.3026145752998143,-0.3558835427894689,0.33287383097118406
3.695,-0.29518977921927864,0.29518977921927864,-0.3558835427894689,0.32520392703175593
3.716,-0.28760875994509727,0.28760875994509727,-0.3558835427894689,0.316000042304442
3.736,-0.27983526513862694,0.27983526513862694,-0.3558835427894689,0.3098641191528997
3.757,-0.2719865744613198,0.2719865744613198,-0.3558835427894689,0.3021942152134711
3.778,-0.26410305003974105,0.26410305003974105,-0.3543495620015831,0.29299033048615764
3.798,-0.2561034447775669,0.2561034447775669,-0.34821363885004075,0.28532042654672907
3.819,-0.2479534967337182,0.2479534967337182,-0.33440781175906986,0.27918450339518674
3.840,-0.23955634075842927,0.23955634075842927,-0.31906800388021317,0.2715145994557586
3.861,-0.2312738405662252,0.2312738405662252,-0.3021942152134711,0.2623107147284447
3.882,-0.2229139760632492,0.2229139760632492,-0.28838838812250067,0.25617479157690193
3.902,-0.21456633937364802,0.21456633937364802,-0.2745825610315298,0.24697090684958845
3.923,-0.20619740074847945,0.20619740074847945,-0.2607767339405589,0.23776702212227452
3.943,-0.19779251620336272,0.19779251620336272,-0.24697090684958845,0.2300971181828464
3.964,-0.18935320154101018,0.18935320154101018,-0.23623304133438872,0.22089323345553247
3.985,-0.18086158437114466,0.18086158437114466,-0.22549517581918943,0.21322332951610434
4.005,-0.1723338279182982,0.1723338279182982,-0.21935925266764666,0.20708740636456158
4.026,-0.16387504097261274,0.16387504097261274,-0.21322332951610434,0.2009514832130188
4.046,-0.1555265797722561,0.1555265797722561,-0.20708740636456158,0.1932815792735907
4.066,-0.14721127658232538,0.14721127658232538,-0.19941750242513345,0.18561167533416256
4.087,-0.13890788556349346,0.13890788556349346,-0.1932815792735907,0.17794177139473444
4.107,-0.13063604724541997,0.13063604724541997,-0.19021361769781953,0.17333982903107747
4.127,-0.12242494104848925,0.12242494104848925,-0.18407769454627676,0.1687378866674205
4.148,-0.11426350909487284,0.11426350909487284,-0.17487380981896328,0.15953400194010658
4.168,-0.10611166015113128,0.10611166015113128,-0.16260196351587775,0.1472621556370215
4.189,-0.0979859007222099,0.0979859007222099,-0.15493205957644962,0.1349903093339364
4.209,-0.08989594390394536,0.08989594390394536,-0.1472621556370215,0.12425244381873712
4.230,-0.08189006704782646,0.08189006704782646,-0.14419419406125034,0.1150485590914232
4.251,-0.07393993727433087,0.07393993727433087,-0.14266021327336453,0.10584467436410927
4.272,-0.06610153690485757,0.06610153690485757,-0.13959225169759337,0.09357282806102418
4.293,-0.05838824941706845,0.05838824941706845,-0.13959225169759337,0.08590292412159606
4.313,-0.050821059634764104,0.050821059634764104,-0.13959225169759337,0.07823302018216749
4.334,-0.04345023599100109,0.04345023599100109,-0.13959225169759337,0.07209709703062517
4.354,-0.036224076654812004,0.036224076654812004,-0.1365242901218222,0.0674951546669682
4.375,-0.029192190345033203,0.029192190345033203,-0.12578642460662248,0.05982525072754008
4.395,-0.022237544197771575,0.022237544197771575,-0.10277671278833811,0.05062136600022615
4.416,-0.01542262856471971,0.01542262856471971,-0.08436894333371026,0.04141748127291223
4.437,-0.008724789522824156,0.008724789522824156,-0.05982525072754008,0.035281558121369905
4.457,-0.0022101440681023543,0.0022101440681023543,-0.03681553890925526,0.026077673394055978
4.478,0.004127110326789363,-0.004127110326789363,-0.023009711818284817,0.019941750242513212
4.499,0.010223208791979216,-0.010223208791979216,-0.010737865515199285,0.009203884727313927
4.519,0.016184701920103933,-0.016184701920103933,-0.010737865515199285,0.0015339807878858025
4.540,0.021905134443240437,-0.021905134443240437,-0.006135923151542766,-0.007669903939428124
4.561,0.02739041289526456,-0.02739041289526456,-0.003067961575771161,-0.012271846303085088
4.581,0.0327066315665038,-0.0327066315665038,0.0015339807878858025,-0.01380582709097089
4.602,0.0377568010724503,-0.0377568010724503,0.010737865515199285,-0.018407769454627854
4.622,0.04257926506496856,-0.04257926506496856,0.021475731030399015,-0.026077673394055978
4.643,0.04718027222951074,-0.04718027222951074,0.027611654181941336,-0.0337475773334841
4.663,0.05156102353362138,-0.05156102353362138,0.035281558121369905,-0.038349519697141066
4.684,0.05569525870322825,-0.05569525870322825,0.04141748127291223,-0.04295146206079803
4.705,0.059622918526492125,-0.059622918526492125,0.04448544284868339,-0.04601942363656919
4.725,0.06330563102896333,-0.06330563102896333,0.04601942363656919,-0.05062136600022615
4.746,0.0667405375641611,-0.0667405375641611,0.04908738521234035,-0.05829126993965428
4.767,0.06991912760088581,-0.06991912760088581,0.04908738521234035,-0.05982525072754008
4.787,0.07281977311672383,-0.07281977311672383,0.04908738521234035,-0.06289321230331124
4.808,0.07544471665050445,-0.07544471665050445,0.04908738521234035,-0.0659611738790824
4.828,0.07781561174209384,-0.07781561174209384,0.04908738521234035,-0.06902913545485401
4.849,0.07993969967317599,-0.07993969967317599,0.05062136600022615,-0.07056311624273937
4.869,0.08181361197734954,-0.08181361197734954,0.05675728915176892,-0.07209709703062517
4.890,0.08341433873585663,-0.08341433873585663,0.0659611738790824,-0.07516505860639633
4.911,0.08474159967590211,-0.08474159967590211,0.07363107781851097,-0.0813009817579391
4.932,0.085790225040424,-0.085790225040424,0.07516505860639633,-0.08283496254582445
4.952,0.08655907499574944,-0.08655907499574944,0.07516505860639633,-0.08436894333371026
4.973,0.08705698308779608,-0.08705698308779608,0.07516505860639633,-0.08590292412159606
4.993,0.08728466481989577,-0.08728466481989577,0.07516505860639633,-0.08590292412159606
5.014,0.08723787275248424,-0.08723787275248424,0.07516505860639633,-0.08743690490948142
5.034,0.08691773063828429,-0.08691773063828429,0.07516505860639633,-0.08743690490948142
5.055,0.08633016018781325,-0.08633016018781325,0.07516505860639633,-0.08743690490948142
5.075,0.08547291580662797,-0.08547291580662797,0.07516505860639633,-0.08743690490948142
5.096,0.08434359029278382,-0.08434359029278382,0.07516505860639633,-0.08743690490948142
5.116,0.08295471287771661,-0.08295471287771661,0.07516505860639633,-0.08743690490948142
5.137,0.0812896328926353,-0.0812896328926353,0.07516505860639633,-0.08743690490948142
5.157,0.0793759573240907,-0.0793759573240907,0.07516505860639633,-0.08590292412159606
5.177,0.07719451459255894,-0.07719451459255894,0.07516505860639633,-0.08590292412159606
5.198,0.07477080434253161,-0.07477080434253161,0.07516505860639633,-0.08590292412159606
5.218,0.07208166111777298,-0.07208166111777298,0.07516505860639633,-0.08436894333371026
5.239,0.06913019018395891,-0.06913019018395891,0.07516505860639633,-0.07976700097005329
5.259,0.06590760710404059,-0.06590760710404059,0.07516505860639633,-0.07823302018216749
5.280,0.06236632193978156,-0.06236632193978156,0.07516505860639633,-0.07823302018216749
5.301,0.058632842740880875,-0.058632842740880875,0.07516505860639633,-0.07669903939428213
5.321,0.05465645833880553,-0.05465645833880553,0.07516505860639633,-0.07209709703062517
5.342,0.05042627495168009,-0.05042627495168009,0.07516505860639633,-0.0674951546669682
5.363,0.045941879795515034,-0.045941879795515034,0.07516505860639633,-0.06442719309119704
5.383,0.041227307157061854,-0.041227307157061854,0.07516505860639633,-0.06442719309119704
5.404,0.036324580310837795,-0.036324580310837795,0.07516505860639633,-0.06135923151542544
5.425,0.031194665235910107,-0.031194665235910107,0.07516505860639633,-0.05522330836388312
5.445,0.025907646375395693,-0.025907646375395693,0.07516505860639633,-0.04908738521234035
5.465,0.020383149219308866,-0.020383149219308866,0.07516505860639633,-0.04295146206079803
5.486,0.014687437967989908,-0.014687437967989908,0.07209709703062517,-0.035281558121369905
5.506,0.008816623719978295,-0.008816623719978295,0.06135923151542544,-0.0322135965455983
5.526,0.0027580684131620903,-0.0027580684131620903,0.04448544284868339,-0.03067961575771294
5.547,-0.0034708980457719973,0.0034708980457719973,0.026077673394055978,-0.027611654181941336
5.567,-0.00985843939508621,0.00985843939508621,0.010737865515199285,-0.023009711818284817
5.587,-0.016446565774928507,0.016446565774928507,0.007669903939428124,-0.01380582709097089
5.608,-0.02316467143758641,0.02316467143758641,0.006135923151542766,0.004601942363656963
5.628,-0.03020960385740734,0.03020960385740734,0.006135923151542766,0.004601942363656963
5.649,-0.03733943401291187,0.03733943401291187,-0.007669903939428124,0.0015339807878858025
5.669,-0.044601824373348614,0.044601824373348614,-0.019941750242513212,0.006135923151542766
5.690,-0.05205355114322148,0.05205355114322148,-0.03067961575771294,0.01687378866674205
5.711,-0.059647628092906066,0.059647628092906066,-0.038349519697141066,0.0337475773334841
5.732,-0.06736237135615283,0.06736237135615283,-0.04601942363656919,0.04908738521234035
5.752,-0.07519078556897224,0.07519078556897224,-0.052155346788111956,0.04601942363656919
5.773,-0.08306018420280639,0.08306018420280639,-0.052155346788111956,0.04601942363656919
5.793,-0.0910113889997496,0.0910113889997496,-0.06902913545485401,0.06442719309119704
5.814,-0.09899713098080148,0.09899713098080148,-0.07669903939428213,0.0813009817579391
5.834,-0.10716649448392555,0.10716649448392555,-0.0813009817579391,0.09050486648525302
5.855,-0.11541504275219877,0.11541504275219877,-0.08590292412159606,0.09357282806102418
5.876,-0.12375160153559042,0.12375160153559042,-0.09050486648525302,0.09664078963679534
5.896,-0.13207607742097188,0.13207607742097188,-0.09664078963679534,0.10891263593988043
5.917,-0.14042937939764832,0.14042937939764832,-0.1012427320004523,0.12578642460662248
5.938,-0.14895870801936273,0.14895870801936273,-0.10737865515199507,0.13192234775816525
5.958,-0.15739772785040376,0.15739772785040376,-0.1135145783035374,0.1334563285460506
5.979,-0.16583794580624672,0.16583794580624672,-0.12271846303085132,0.13959225169759337
5.999,-0.17427076121053445,0.17427076121053445,-0.13192234775816525,0.1487961364249073
6.020,-0.1828275628500468,0.1828275628500468,-0.13959225169759337,0.15953400194010658
6.041,-0.19127355028249682,0.19127355028249682,-0.1487961364249073,0.17180584824319167
6.061,-0.19964037244303753,0.19964037244303753,-0.16260196351587775,0.1810097329705056
6.082,-0.20792873498841485,0.20792873498841485,-0.17640779060684864,0.18714565612204836
6.102,-0.21619181950785732,0.21619181950785732,-0.19021361769781953,0.1948155600614765
6.122,-0.2243956751441875,0.2243956751441875,-0.20401944478879042,0.20401944478879042
6.143,-0.23286051963410642,0.23286051963410642,-0.2147573103039897,0.21168934872821854
6.164,-0.2411200826234783,0.2411200826234783,-0.22242721424341783,0.21935925266764666
6.184,-0.24926239612705095,0.24926239612705095,-0.2285631373949606,0.22549517581918943
6.205,-0.25733513136666875,0.25733513136666875,-0.2346990605465029,0.23623304133438872
6.225,-0.2653034791705371,0.2653034791705371,-0.24236896448593148,0.24697090684958845
6.246,-0.27315782336414685,0.27315782336414685,-0.2500388684253596,0.25157284921324496
6.266,-0.2808758425644613,0.2808758425644613,-0.25924275315267353,0.25617479157690193
6.287,-0.2885977681755293,0.2885977681755293,-0.26691265709210166,0.26537867630421585
6.307,-0.2960910299779874,0.2960910299779874,-0.2745825610315298,0.27765052260730094
6.328,-0.3034022998362209,0.3034022998362209,-0.2822524649709579,0.2837864457588437
6.348,-0.31068626767726704,0.31068626767726704,-0.28685440733461487,0.28992236891038603
6.369,-0.31788539572340374,0.31788539572340374,-0.28838838812250067,0.28992236891038603
6.390,-0.32494251605908064,0.32494251605908064,-0.28992236891038603,0.2960582920619288
6.410,-0.3318307653626371,0.3318307653626371,-0.294524311274043,0.31139809994078504
6.431,-0.33855989579119417,0.33855989579119417,-0.29912625363769996,0.316000042304442
6.452,-0.34511880737066664,0.34511880737066664,-0.30066023442558576,0.3175340230923278
6.473,-0.35147320528559045,0.35147320528559045,-0.3021942152134711,0.32366994624387013
6.493,-0.35760684763494577,0.35760684763494577,-0.3083301383650139,0.33440781175906986
6.514,-0.3636193970537931,0.3636193970537931,-0.3175340230923278,0.3405437349106122
6.535,-0.3694334719679106,0.3694334719679106,-0.32673790781964174,0.34514567727426915
6.555,-0.37502777413358734,0.37502777413358734,-0.33440781175906986,0.35281558121369727
6.576,-0.3803928427212004,0.3803928427212004,-0.3436116964863838,0.35895150436524004
6.597,-0.3855553644227897,0.3855553644227897,-0.3558835427894689,0.363553446728897
6.618,-0.3904903913327183,0.3904903913327183,-0.38196121618352485,0.3758252930319821
6.638,-0.3951357121485132,0.3951357121485132,-0.3834951969714102,0.38042723539563905
6.659,-0.3995805662568235,0.3995805662568235,-0.385029177759296,0.385029177759296
6.679,-0.40375631771346254,0.40375631771346254,-0.39423306248660994,0.389631120122953
6.700,-0.4077113602440683,0.4077113602440683,-0.3973010240623811,0.3957670432744953
6.720,-0.41144747851087515,0.41144747851087515,-0.3988350048502669,0.4049709280018092
6.741,-0.41494601928305797,0.41494601928305797,-0.40190296642603807,0.4080388895775804
6.762,-0.41816005097070974,0.41816005097070974,-0.4080388895775804,0.40650490878969503
6.782,-0.4211289705677509,0.4211289705677509,-0.41417481272912315,0.411106851153352
6.803,-0.4238383720106265,0.4238383720106265,-0.4172427743048943,0.4187767550927801
6.823,-0.4262882728180392,0.4262882728180392,-0.4172427743048943,0.4172427743048943
6.844,-0.42847318628178643,0.42847318628178643,-0.4203107358806655,0.4187767550927801
6.865,-0.43041066241775033,0.43041066241775033,-0.42644665903220824,0.42798063982009404
6.885,-0.43207322214852556,0.43207322214852556,-0.42644665903220824,0.4295146206079794
6.906,-0.4334510335339301,0.4334510335339301,-0.42798063982009404,0.42798063982009404
6.927,-0.43456099279980487,0.43456099279980487,-0.432582582183751,0.4295146206079794
6.948,-0.4354172318892442,0.4354172318892442,-0.4310486013958652,0.4310486013958652
6.968,-0.43597379117729596,0.43597379117729596,-0.432582582183751,0.432582582183751
6.989,-0.43625850404926525,0.43625850404926525,-0.4371845245474075,0.43565054375952217
7.009,-0.4362719079665846,0.4362719079665846,-0.4371845245474075,0.43565054375952217
7.030,-0.43601690234583057,0.43601690234583057,-0.4371845245474075,0.43565054375952217
7.050,-0.43549747505697045,0.43549747505697045,-0.4371845245474075,0.43565054375952217
7.070,-0.4347157673926472,0.4347157673926472,-0.4371845245474075,0.43565054375952217
7.090,-0.4336689730669054,0.4336689730669054,-0.4371845245474075,0.43565054375952217
7.111,-0.43234986315557705,0.43234986315557705,-0.4371845245474075,0.43565054375952217
7.131,-0.4307613858694121,0.4307613858694121,-0.4371845245474075,0.43565054375952217
7.152,-0.42889874626257224,0.42889874626257224,-0.4371845245474075,0.43565054375952217
7.172,-0.4267730917291853,0.4267730917291853,-0.4371845245474075,0.432582582183751
7.193,-0.4243833092659277,0.4243833092659277,-0.4371845245474075,0.432582582183751
7.213,-0.42175314643924167,0.42175314643924167,-0.4371845245474075,0.432582582183751
7.234,-0.4188612492130849,0.4188612492130849,-0.4371845245474075,0.432582582183751
7.254,-0.41575044300415265,0.41575044300415265,-0.4371845245474075,0.432582582183751
7.274,-0.412342144816658,0.412342144816658,-0.4371845245474075,0.432582582183751
7.295,-0.4086608719561484,0.4086608719561484,-0.4371845245474075,0.432582582183751
7.316,-0.4047088032506196,0.4047088032506196,-0.4371845245474075,0.4295146206079794
7.337,-0.40048433303784575,0.40048433303784575,-0.4371845245474075,0.42798063982009404
7.358,-0.3960615578633791,0.3960615578633791,-0.4371845245474075,0.42491267824432244
7.378,-0.3914061136776855,0.3914061136776855,-0.4371845245474075,0.4233786974564371
7.399,-0.38656082636147127,0.38656082636147127,-0.43565054375952217,0.4218447166685513
7.420,-0.3814519873865885,0.3814519873865885,-0.43565054375952217,0.4187767550927801
7.440,-0.37612069162886275,0.37612069162886275,-0.43565054375952217,0.41264083194123735
7.461,-0.3706132289417937,0.3706132289417937,-0.42798063982009404,0.40650490878969503
7.482,-0.3649039943163147,0.3649039943163147,-0.4187767550927801,0.40036898563815226
7.502,-0.3589902533507272,0.3589902533507272,-0.4095728703654662,0.39423306248660994
7.523,-0.3528988974349445,0.3528988974349445,-0.40190296642603807,0.389631120122953
7.543,-0.3466050828311658,0.3466050828311658,-0.39423306248660994,0.3834951969714102
7.564,-0.3400875203259842,0.3400875203259842,-0.3880971393350672,0.3773592738198679
7.585,-0.33345049215710376,0.33345049215710376,-0.3834951969714102,0.3712233506683251
7.605,-0.32658887345204357,0.32658887345204357,-0.3834951969714102,0.36662140830466816
7.626,-0.3195586401653273,0.3195586401653273,-0.3834951969714102,0.363553446728897
7.647,-0.3123852965059778,0.3123852965059778,-0.37889325460775325,0.3512816004258119
7.668,-0.30505840333978124,0.30505840333978124,-0.37889325460775325,0.3512816004258119
7.688,-0.29764917348774633,0.29764917348774633,-0.35895150436524004,0.3359417925469552
7.709,-0.29006601539714527,0.29006601539714527,-0.35281558121369727,0.32673790781964174
7.729,-0.28243893695113936,0.28243893695113936,-0.34667965806215495,0.3175340230923278
7.750,-0.274722042464411,0.274722042464411,-0.342077715698498,0.31139809994078504
7.770,-0.2668685934769467,0.2668685934769467,-0.337475773334841,0.30066023442558576
7.791,-0.25886533900447856,0.25886533900447856,-0.33440781175906986,0.29299033048615764
7.812,-0.25074611735231667,0.25074611735231667,-0.3298058693954129,0.28685440733461487
7.833,-0.2425636765630355,0.2425636765630355,-0.32673790781964174,0.28071848418307255
7.853,-0.2343586578395935,0.2343586578395935,-0.32673790781964174,0.273048580243644
7.874,-0.22611841889243725,0.22611841889243725,-0.32673790781964174,0.25617479157690193
7.894,-0.21782552770022037,0.21782552770022037,-0.32366994624387013,0.24697090684958845
7.915,-0.20944305087411869,0.20944305087411869,-0.31139809994078504,0.23930100291015988
7.935,-0.2009884738701425,0.2009884738701425,-0.28992236891038603,0.2300971181828464
7.957,-0.19235508066959905,0.19235508066959905,-0.26537867630421585,0.22242721424341783
7.977,-0.18390157182530958,0.18390157182530958,-0.24083498369804568,0.2147573103039897
7.998,-0.1754554726231343,0.1754554726231343,-0.22089323345553247,0.20862138715244738
8.018,-0.16703836045990997,0.16703836045990997,-0.20708740636456158,0.2024854640009046
8.039,-0.1586192527035476,0.1586192527035476,-0.1963495408493623,0.1948155600614765
8.059,-0.150267290759156,0.150267290759156,-0.19021361769781953,0.18714565612204836
8.079,-0.1419537568566015,0.1419537568566015,-0.18714565612204836,0.17640779060684864
8.100,-0.13369900884217184,0.13369900884217184,-0.1794757521826198,0.1687378866674205
8.120,-0.1255061143265304,0.1255061143265304,-0.17180584824319167,0.15953400194010658
8.140,-0.11736656114552785,0.11736656114552785,-0.16566992509164935,0.15033011721279266
8.161,-0.10913630621793062,0.10913630621793062,-0.16260196351587775,0.13959225169759337
8.181,-0.10103278068036442,0.10103278068036442,-0.15646604036433542,0.12885438618239364
8.202,-0.09300915112661201,0.09300915112661201,-0.1487961364249073,0.11811652066719436
8.222,-0.08513347005913743,0.08513347005913743,-0.14266021327336453,0.10891263593988043
8.242,-0.07727359584164384,0.07727359584164384,-0.13805827090970757,0.09664078963679534
8.263,-0.06954532473325349,0.06954532473325349,-0.13805827090970757,0.08743690490948142
8.283,-0.061936992619831086,0.061936992619831086,-0.13805827090970757,0.08283496254582445
8.304,-0.05429118517897301,0.05429118517897301,-0.1365242901218222,0.07823302018216749
8.324,-0.046768922365719445,0.046768922365719445,-0.12732040539450828,0.07669903939428213
8.345,-0.039385094042863916,0.039385094042863916,-0.1135145783035374,0.06902913545485401
8.366,-0.03213793659411693,0.03213793659411693,-0.09357282806102418,0.05829126993965428
8.387,-0.025112413752991197,0.025112413752991197,-0.07209709703062517,0.04601942363656919
8.407,-0.018258441444928913,0.018258441444928913,-0.05522330836388312,0.038349519697141066
8.428,-0.011498109963313408,0.011498109963313408,-0.04141748127291223,0.038349519697141066
8.448,-0.004976158189143237,0.004976158189143237,-0.03067961575771294,0.038349519697141066
8.469,0.0014414709157527794,-0.0014414709157527794,-0.026077673394055978,0.0322135965455983
8.490,0.0076650935204605475,-0.0076650935204605475,-0.019941750242513212,0.019941750242513212
8.511,0.013693474409138623,-0.013693474409138623,-0.015339807878856249,0.007669903939428124
8.531,0.01949612139215101,-0.01949612139215101,-0.009203884727313927,-0.0015339807878858025
8.552,0.02507123335268624,-0.02507123335268624,-0.004601942363656963,-0.006135923151542766
8.572,0.03043786988911054,-0.03043786988911054,-0.0015339807878858025,-0.006135923151542766
8.593,0.03559298202673658,-0.03559298202673658,0.004601942363656963,-0.010737865515199285
8.614,0.04055792248187434,-0.04055792248187434,0.01380582709097089,-0.01687378866674205
8.634,0.04525743377356911,-0.04525743377356911,0.026077673394055978,-0.0337475773334841
8.655,0.04983106277863897,-0.04983106277863897,0.026077673394055978,-0.0337475773334841
8.676,0.05406726897498995,-0.05406726897498995,0.038349519697141066,-0.04141748127291223
8.696,0.05807295258902431,-0.05807295258902431,0.04448544284868339,-0.04141748127291223
8.717,0.061819448981009245,-0.061819448981009245,0.04755340442445499,-0.04601942363656919
8.737,0.06532619771774997,-0.06532619771774997,0.04908738521234035,-0.053689327575997314
8.758,0.06861124148011982,-0.06861124148011982,0.04908738521234035,-0.06135923151542544
8.779,0.07164399440168462,-0.07164399440168462,0.04908738521234035,-0.0659611738790824
8.799,0.07440446205457671,-0.07440446205457671,0.04908738521234035,-0.0659611738790824
8.820,0.07691593615099407,-0.07691593615099407,0.04908738521234035,-0.0659611738790824
8.841,0.07916196286259741,-0.07916196286259741,0.05062136600022615,-0.0674951546669682
8.862,0.08114001162385559,-0.08114001162385559,0.052155346788111956,-0.0674951546669682
8.882,0.08283339846020615,-0.08283339846020615,0.06135923151542544,-0.07056311624273937
8.903,0.08426562869679194,-0.08426562869679194,0.07056311624273937,-0.07516505860639633
8.924,0.08541166676119849,-0.08541166676119849,0.07516505860639633,-0.07976700097005329
8.944,0.0862860776631112,-0.0862860776631112,0.07516505860639633,-0.08436894333371026
8.964,0.08689095633847238,-0.08689095633847238,0.07516505860639633,-0.08436894333371026
8.985,0.08722504273446757,-0.08722504273446757,0.07516505860639633,-0.08590292412159606
9.005,0.08729042196048636,-0.08729042196048636,0.07516505860639633,-0.08743690490948142
9.026,0.08708619322657402,-0.08708619322657402,0.07516505860639633,-0.08743690490948142
9.046,0.08661206784148207,-0.08661206784148207,0.07516505860639633,-0.08743690490948142
9.067,0.08586972007236116,-0.08586972007236116,0.07516505860639633,-0.08743690490948142
9.087,0.08486294264653765,-0.08486294264653765,0.07516505860639633,-0.08743690490948142
9.107,0.0835788261817133,-0.0835788261817133,0.07516505860639633,-0.08743690490948142
9.128,0.08202931599633756,-0.08202931599633756,0.07516505860639633,-0.08743690490948142
9.148,0.0802328454658019,-0.0802328454658019,0.07516505860639633,-0.08743690490948142
9.169,0.07817131431917029,-0.07817131431917029,0.07516505860639633,-0.08590292412159606
9.189,0.07582985707149431,-0.07582985707149431,0.07516505860639633,-0.08283496254582445
9.210,0.07322140568813576,-0.07322140568813576,0.07516505860639633,-0.08283496254582445
9.230,0.07036094522631695,-0.07036094522631695,0.07516505860639633,-0.0813009817579391
9.251,0.0672465405914926,-0.0672465405914926,0.07516505860639633,-0.07823302018216749
9.271,0.06385770647358349,-0.06385770647358349,0.07516505860639633,-0.07823302018216749
9.292,0.0602494184748667,-0.0602494184748667,0.07516505860639633,-0.07823302018216749
9.313,0.05635001301224371,-0.05635001301224371,0.07516505860639633,-0.07363107781851097
9.333,0.05221162855759562,-0.05221162855759562,0.07516505860639633,-0.0659611738790824
9.354,0.04785700369645854,-0.04785700369645854,0.07516505860639633,-0.05829126993965428
9.375,0.04327668451739841,-0.04327668451739841,0.07516505860639633,-0.06135923151542544
9.395,0.03844122089495111,-0.03844122089495111,0.07516505860639633,-0.06289321230331124
9.416,0.03335881600965426,-0.03335881600965426,0.07516505860639633,-0.05675728915176892
9.437,0.02803225414346236,-0.02803225414346236,0.07516505860639633,-0.05062136600022615
9.458,0.0224480263285608,-0.0224480263285608,0.07363107781851097,-0.04295146206079803
9.479,0.01671919472818542,-0.01671919472818542,0.07209709703062517,-0.038349519697141066
9.500,0.010739545460027977,-0.010739545460027977,0.06135923151542544,-0.035281558121369905
9.521,0.004549337012647425,-0.004549337012647425,0.04448544284868339,-0.0337475773334841
9.541,-0.001779680732050537,0.001779680732050537,0.026077673394055978,-0.026077673394055978
9.562,-0.008223115508607243,0.008223115508607243,0.007669903939428124,-0.009203884727313927
9.582,-0.014812198722496256,0.014812198722496256,0.006135923151542766,-0.006135923151542766
9.603,-0.021590272789724113,0.021590272789724113,0.006135923151542766,-0.004601942363656963
9.623,-0.028473593611106768,0.028473593611106768,0.006135923151542766,-0.004601942363656963
9.644,-0.03548879132068758,0.03548879132068758,-0.010737865515199285,0.01380582709097089
9.664,-0.04262995405093423,0.04262995405093423,-0.023009711818284817,0.026077673394055978
9.684,-0.04987625382282143,0.04987625382282143,-0.0337475773334841,0.027611654181941336
9.704,-0.057253797102562926,0.057253797102562926,-0.038349519697141066,0.026077673394055978
9.725,-0.06482357157312077,0.06482357157312077,-0.03988350048502687,0.03067961575771294
9.746,-0.07262201351004267,0.07262201351004267,-0.04601942363656919,0.04295146206079803
9.766,-0.08045380065206827,0.08045380065206827,-0.05522330836388312,0.05982525072754008
9.787,-0.08834075645306697,0.08834075645306697,-0.05522330836388312,0.05982525072754008
9.807,-0.09627516061579493,0.09627516061579493,-0.07056311624273937,0.07056311624273937
9.827,-0.10427618715656863,0.10427618715656863,-0.07516505860639633,0.06902913545485401
9.847,-0.11236009146923012,0.11236009146923012,-0.07976700097005329,0.07516505860639633
9.868,-0.12051555151028762,0.12051555151028762,-0.08436894333371026,0.09050486648525302
9.888,-0.12886059036321723,0.12886059036321723,-0.08897088569736722,0.10737865515199507
9.909,-0.13718685052291246,0.13718685052291246,-0.09510680884890954,0.1150485590914232
9.929,-0.1454684901182762,0.1454684901182762,-0.1012427320004523,0.1150485590914232
9.950,-0.1538106043869227,0.1538106043869227,-0.10737865515199507,0.11811652066719436
9.970,-0.1621417978173033,0.1621417978173033,-0.1135145783035374,0.12578642460662248
9.991,-0.17062644254138548,0.17062644254138548,-0.12271846303085132,0.14112623248547917
10.011,-0.17908534699983297,0.17908534699983297,-0.13038836697027945,0.15646604036433542
10.032,-0.18752553765808297,0.18752553765808297,-0.13805827090970757,0.16260196351587775
10.052,-0.19592902462509681,0.19592902462509681,-0.1472621556370215,0.16566992509164935
10.073,-0.2042989166094687,0.2042989166094687,-0.15953400194010658,0.17180584824319167
10.093,-0.21260547427463694,0.21260547427463694,-0.17487380981896328,0.1825437137583914
10.113,-0.22088208189166753,0.22088208189166753,-0.18867963690993372,0.1963495408493623
10.134,-0.22924677723138262,0.22924677723138262,-0.2024854640009046,0.20555342557667577
10.155,-0.23751038499362653,0.23751038499362653,-0.21322332951610434,0.21168934872821854
10.175,-0.245686472994754,0.245686472994754,-0.22242721424341783,0.21782527187976086
10.196,-0.2538390018985857,0.2538390018985857,-0.2270291566070748,0.2270291566070748
10.217,-0.2619742560415872,0.2619742560415872,-0.23316507975861755,0.23776702212227452
10.237,-0.2697888153679726,0.2697888153679726,-0.23930100291015988,0.24697090684958845
10.257,-0.27751514960582685,0.27751514960582685,-0.2485048876374738,0.25310683000113077
10.278,-0.28512274378851876,0.28512274378851876,-0.25770877236478773,0.25617479157690193
10.298,-0.29263767202829083,0.29263767202829083,-0.26537867630421585,0.2638446955163305
10.319,-0.3001972964418627,0.3001972964418627,-0.26691265709210166,0.268446637879987
10.340,-0.30759507055182245,0.30759507055182245,-0.2745825610315298,0.2761165418194156
10.360,-0.3148791731871867,0.3148791731871867,-0.2837864457588437,0.29145634969827183
10.381,-0.3219994719653815,0.3219994719653815,-0.28992236891038603,0.3021942152134711
10.402,-0.3289183866307175,0.3289183866307175,-0.2960582920619288,0.3021942152134711
10.422,-0.3356633068146006,0.3356633068146006,-0.2975922728498146,0.3021942152134711
10.443,-0.3422417103005134,0.3422417103005134,-0.29912625363769996,0.3098641191528997
10.463,-0.3486375589600453,0.3486375589600453,-0.29912625363769996,0.3221359654559848
10.484,-0.354884431266426,0.354884431266426,-0.29912625363769996,0.3282718886075271
10.504,-0.3609159933983179,0.3609159933983179,-0.29912625363769996,0.3298058693954129
10.525,-0.36673752683056715,0.36673752683056715,-0.29912625363769996,0.337475773334841
10.545,-0.3723575551938919,0.3723575551938919,-0.3052621767892427,0.34514567727426915
10.566,-0.37775036174768606,0.37775036174768606,-0.33440781175906986,0.35895150436524004
10.586,-0.38292800651256853,0.38292800651256853,-0.3497476196379261,0.3620194659410112
10.607,-0.3878950488742321,0.3878950488742321,-0.36815538909255396,0.3696893698804393
10.627,-0.39263468311789207,0.39263468311789207,-0.3834951969714102,0.3773592738198679
10.647,-0.39716470698159445,0.39716470698159445,-0.3865631585471814,0.38042723539563905
10.668,-0.401496386403439,0.401496386403439,-0.385029177759296,0.38042723539563905
10.689,-0.405600624708077,0.405600624708077,-0.3880971393350672,0.389631120122953
10.709,-0.4094883791331459,0.4094883791331459,-0.3957670432744953,0.3973010240623811
10.730,-0.413100917802603,0.413100917802603,-0.40190296642603807,0.40036898563815226
10.751,-0.4164759250432373,0.4164759250432373,-0.4049709280018092,0.4080388895775804
10.771,-0.41955778232811397,0.41955778232811397,-0.41417481272912315,0.41417481272912315
10.792,-0.4223860989145154,0.4223860989145154,-0.4172427743048943,0.41570879351700896
10.812,-0.42496087560041473,0.42496087560041473,-0.4172427743048943,0.41570879351700896
10.832,-0.42725864286231197,0.42725864286231197,-0.4218447166685513,0.4203107358806655
10.852,-0.4293011842056354,0.4293011842056354,-0.4218447166685513,0.4203107358806655
10.873,-0.43108657921073634,0.43108657921073634,-0.42491267824432244,0.4295146206079794
10.893,-0.43260675253552866,0.43260675253552866,-0.42798063982009404,0.42798063982009404
10.913,-0.4338724897275353,0.4338724897275353,-0.4310486013958652,0.4310486013958652
10.934,-0.4348913128160172,0.4348913128160172,-0.432582582183751,0.432582582183751
10.955,-0.43563240264296543,0.43563240264296543,-0.432582582183751,0.432582582183751
10.975,-0.43609920083153,0.43609920083153,-0.43411656297163637,0.43411656297163637
10.996,-0.4362937768865132,0.4362937768865132,-0.43411656297163637,0.43565054375952217
11.016,-0.4362126378521998,0.4362126378521998,-0.43565054375952217,0.4371845245474075
11.037,-0.4358583460291279,0.4358583460291279,-0.4371845245474075,0.43565054375952217
11.057,-0.4352352386792313,0.4352352386792313,-0.4371845245474075,0.4371845245474075
11.078,-0.4343522557380116,0.4343522557380116,-0.4371845245474075,0.43565054375952217
11.098,-0.4332105818021846,0.4332105818021846,-0.4371845245474075,0.43565054375952217
11.118,-0.43180807992489006,0.43180807992489006,-0.4371845245474075,0.43565054375952217
11.139,-0.4301227801498872,0.4301227801498872,-0.4371845245474075,0.43565054375952217
11.159,-0.4281692656798126,0.4281692656798126,-0.4371845245474075,0.43411656297163637
11.180,-0.4259499105630217,0.4259499105630217,-0.4371845245474075,0.43411656297163637
11.200,-0.4234808096181378,0.4234808096181378,-0.4371845245474075,0.432582582183751
11.220,-0.4207570907588094,0.4207570907588094,-0.4371845245474075,0.432582582183751
11.241,-0.4177592681426324,0.4177592681426324,-0.4371845245474075,0.432582582183751
11.262,-0.41449719250104733,0.41449719250104733,-0.4371845245474075,0.432582582183751
11.282,-0.41096152438574896,0.41096152438574896,-0.4371845245474075,0.432582582183751
11.303,-0.40721114784695167,0.40721114784695167,-0.4371845245474075,0.4310486013958652
11.324,-0.40318408793621635,0.40318408793621635,-0.4371845245474075,0.42798063982009404
11.344,-0.3989145120815822,0.3989145120815822,-0.4371845245474075,0.42491267824432244
11.365,-0.39445918627428017,0.39445918627428017,-0.4371845245474075,0.4233786974564371
11.386,-0.38970265591759834,0.38970265591759834,-0.43565054375952217,0.4218447166685513
11.406,-0.3847435203501036,0.3847435203501036,-0.43565054375952217,0.4187767550927801
11.427,-0.37960692168089594,0.37960692168089594,-0.432582582183751,0.411106851153352
11.448,-0.37419858399248995,0.37419858399248995,-0.42491267824432244,0.4049709280018092
11.468,-0.36863695483753167,0.36863695483753167,-0.41417481272912315,0.3973010240623811
11.489,-0.36286790398212676,0.36286790398212676,-0.40650490878969503,0.39116510091083834
11.509,-0.3568814589415683,0.3568814589415683,-0.3973010240623811,0.385029177759296
11.530,-0.3506579793914718,0.3506579793914718,-0.39116510091083834,0.37889325460775325
11.551,-0.3442250263942972,0.3442250263942972,-0.3834951969714102,0.3727573314562109
11.572,-0.33763737326584925,0.33763737326584925,-0.38196121618352485,0.3696893698804393
11.592,-0.33088697982622817,0.33088697982622817,-0.38196121618352485,0.36662140830466816
11.613,-0.3239694156637136,0.3239694156637136,-0.38042723539563905,0.3650874275167828
11.634,-0.3168717569326409,0.3168717569326409,-0.3742913122440963,0.35895150436524004
11.655,-0.3097042482587169,0.3097042482587169,-0.36815538909255396,0.3512816004258119
11.675,-0.3023366499903626,0.3023366499903626,-0.3620194659410112,0.342077715698498
11.696,-0.2948176910790881,0.2948176910790881,-0.3558835427894689,0.3359417925469552
11.717,-0.2871982494308509,0.2871982494308509,-0.3558835427894689,0.3282718886075271
11.737,-0.2795269677649236,0.2795269677649236,-0.3558835427894689,0.31906800388021317
11.758,-0.27173991788580487,0.27173991788580487,-0.3543495620015831,0.31139809994078504
11.778,-0.26385896046270446,0.26385896046270446,-0.3543495620015831,0.3021942152134711
11.799,-0.255879598021696,0.255879598021696,-0.3543495620015831,0.294524311274043
11.820,-0.2477147526981059,0.2477147526981059,-0.33287383097118406,0.28071848418307255
11.840,-0.23960236085639233,0.23960236085639233,-0.32060198466809897,0.2745825610315298
11.861,-0.23140775757428833,0.23140775757428833,-0.3037281960013569,0.26537867630421585
11.881,-0.2232005018682691,0.2232005018682691,-0.29145634969827183,0.25617479157690193
11.901,-0.21488349096434417,0.21488349096434417,-0.27765052260730094,0.24697090684958845
11.922,-0.20654887728197668,0.20654887728197668,-0.2638446955163305,0.23930100291015988
11.943,-0.19800249796542352,0.19800249796542352,-0.25157284921324496,0.2300971181828464
11.963,-0.18950638590940502,0.18950638590940502,-0.23930100291015988,0.22396119503130363
11.984,-0.18100131716583673,0.18100131716583673,-0.2300971181828464,0.2162912910918755
12.005,-0.17247537242518543,0.17247537242518543,-0.22089323345553247,0.20862138715244738
12.025,-0.16401685872539132,0.16401685872539132,-0.2147573103039897,0.20401944478879042
12.046,-0.15567276626956178,0.15567276626956178,-0.20862138715244738,0.1963495408493623
12.066,-0.14737009175415078,0.14737009175415078,-0.2024854640009046,0.18867963690993372
12.086,-0.1390982135416727,0.1390982135416727,-0.1932815792735907,0.17794177139473444
12.107,-0.1307713492766834,0.1307713492766834,-0.18714565612204836,0.1702718674553063
12.127,-0.12243436844511167,0.12243436844511167,-0.17640779060684864,0.1610679827279924
12.148,-0.11407012692077122,0.11407012692077122,-0.16566992509164935,0.15186409800067846
12.169,-0.10591700554207345,0.10591700554207345,-0.15953400194010658,0.14266021327336453
12.189,-0.09786110614098148,0.09786110614098148,-0.15339807878856426,0.13192234775816525
12.210,-0.089880889079086,0.089880889079086,-0.1472621556370215,0.11965050145508016
12.230,-0.08199326223200272,0.08199326223200272,-0.14266021327336453,0.11044661672776623
12.250,-0.07420703625875444,0.07420703625875444,-0.13959225169759337,0.0997087512125665
12.271,-0.06647479173888494,0.06647479173888494,-0.13959225169759337,0.09050486648525302
12.291,-0.05885147229941119,0.05885147229941119,-0.13959225169759337,0.0813009817579391
12.312,-0.05137085151973923,0.05137085151973923,-0.13805827090970757,0.07363107781851097
12.332,-0.044009122893606534,0.044009122893606534,-0.1334563285460506,0.0659611738790824
12.353,-0.03667820083275855,0.03667820083275855,-0.12271846303085132,0.05829126993965428
12.373,-0.02956873323453965,0.02956873323453965,-0.10277671278833811,0.05062136600022615
12.394,-0.022596332597924762,0.022596332597924762,-0.0813009817579391,0.04295146206079803
12.415,-0.015791676833260715,0.015791676833260715,-0.05829126993965428,0.038349519697141066
12.435,-0.009092212406950934,0.009092212406950934,-0.04295146206079803,0.0322135965455983
12.456,-0.0026363942155307185,0.0026363942155307185,-0.02914563496982714,0.02914563496982714
12.477,0.003710556916899116,-0.003710556916899116,-0.018407769454627854,0.024543692606170175
12.497,0.009864780526856132,-0.009864780526856132,-0.012271846303085088,0.015339807878856249
12.518,0.015759050783546807,-0.015759050783546807,-0.006135923151542766,0.004601942363656963
12.538,0.021466818033798685,-0.021466818033798685,-0.004601942363656963,-0.006135923151542766
12.559,0.02689830884573058,-0.02689830884573058,-0.004601942363656963,-0.01380582709097089
12.579,0.03213337510242384,-0.03213337510242384,-0.004601942363656963,-0.012271846303085088
12.599,0.037142549328075564,-0.037142549328075564,-0.003067961575771161,-0.010737865515199285
12.620,0.04193221511393405,-0.04193221511393405,0.006135923151542766,-0.015339807878856249
12.640,0.04655173628333553,-0.04655173628333553,0.01687378866674205,-0.024543692606170175
12.661,0.050997411988110114,-0.050997411988110114,0.026077673394055978,-0.0337475773334841
12.681,0.055170633730635465,-0.055170633730635465,0.03681553890925526,-0.04295146206079803
12.702,0.059117012252237866,-0.059117012252237866,0.04755340442445499,-0.04755340442445499
12.722,0.0628086111612039,-0.0628086111612039,0.04755340442445499,-0.052155346788111956
12.743,0.06625799875243119,-0.06625799875243119,0.04755340442445499,-0.05829126993965428
12.764,0.06945479277601335,-0.06945479277601335,0.04908738521234035,-0.06135923151542544
12.784,0.07239897110244506,-0.07239897110244506,0.04755340442445499,-0.06135923151542544
12.805,0.07510332305520209,-0.07510332305520209,0.04908738521234035,-0.06442719309119704
12.825,0.0775241673762298,-0.0775241673762298,0.04908738521234035,-0.0674951546669682
12.846,0.0796788341630098,-0.0796788341630098,0.04908738521234035,-0.06902913545485401
12.866,0.08156271146200433,-0.08156271146200433,0.052155346788111956,-0.07209709703062517
12.887,0.08317538489233406,-0.08317538489233406,0.05829126993965428,-0.07363107781851097
12.907,0.0845336757563524,-0.0845336757563524,0.0674951546669682,-0.07669903939428213
12.928,0.08562437647651333,-0.08562437647651333,0.07363107781851097,-0.08283496254582445
12.948,0.08644245359030728,-0.08644245359030728,0.07516505860639633,-0.08436894333371026
12.969,0.0869897865089867,-0.0869897865089867,0.07516505860639633,-0.08436894333371026
12.990,0.08726542901996343,-0.08726542901996343,0.07516505860639633,-0.08590292412159606
13.011,0.08726369905288506,-0.08726369905288506,0.07516505860639633,-0.08743690490948142
13.031,0.08698801622754815,-0.08698801622754815,0.07516505860639633,-0.08590292412159606
13.052,0.08644060975384321,-0.08644060975384321,0.07516505860639633,-0.08743690490948142
13.072,0.08563146038305353,-0.08563146038305353,0.07516505860639633,-0.08743690490948142
13.092,0.08455758701700944,-0.08455758701700944,0.07516505860639633,-0.08743690490948142
13.112,0.08322328056553802,-0.08322328056553802,0.07516505860639633,-0.08743690490948142
13.133,0.08160142320248798,-0.08160142320248798,0.07516505860639633,-0.08743690490948142
13.154,0.07971269325024805,-0.07971269325024805,0.07516505860639633,-0.08590292412159606
13.174,0.07756483244944784,-0.07756483244944784,0.07516505860639633,-0.08590292412159606
13.195,0.07515880927567387,-0.07515880927567387,0.07516505860639633,-0.08283496254582445
13.216,0.07243739896003198,-0.07243739896003198,0.07516505860639633,-0.07976700097005329
13.236,0.06951477494314595,-0.06951477494314595,0.07516505860639633,-0.07976700097005329
13.256,0.06635892102678209,-0.06635892102678209,0.07516505860639633,-0.07976700097005329
13.277,0.06296911395449792,-0.06296911395449792,0.07516505860639633,-0.07823302018216749
13.297,0.05925356973574039,-0.05925356973574039,0.07516505860639633,-0.07823302018216749
13.318,0.05528800656315966,-0.05528800656315966,0.07516505860639633,-0.07669903939428213
13.339,0.051082607048961004,-0.051082607048961004,0.07516505860639633,-0.07056311624273937
13.360,0.046637114082441644,-0.046637114082441644,0.07516505860639633,-0.06135923151542544
13.380,0.041994390326004716,-0.041994390326004716,0.07516505860639633,-0.053689327575997314
13.401,0.0370830586305928,-0.0370830586305928,0.07516505860639633,-0.05062136600022615
13.422,0.03196065278541119,-0.03196065278541119,0.07516505860639633,-0.05062136600022615
13.442,0.02664691207400252,-0.02664691207400252,0.07209709703062517,-0.05062136600022615
13.463,0.021160257622904965,-0.021160257622904965,0.06289321230331124,-0.04908738521234035
13.483,0.015411722418466917,-0.015411722418466917,0.04755340442445499,-0.03988350048502687
13.504,0.009477373956522372,-0.009477373956522372,0.02914563496982714,-0.027611654181941336
13.525,0.0033087401939126404,-0.0033087401939126404,0.01380582709097089,-0.015339807878856249
13.545,-0.002979846204511638,0.002979846204511638,0.010737865515199285,-0.01380582709097089
13.566,-0.009457080889074237,0.009457080889074237,0.009203884727313927,-0.015339807878856249
13.586,-0.01613911812569746,0.01613911812569746,0.007669903939428124,-0.007669903939428124
13.607,-0.022993761113582978,0.022993761113582978,0.003067961575771161,0.004601942363656963
13.628,-0.030036924557367173,0.030036924557367173,-0.006135923151542766,0.015339807878856249
13.649,-0.03721358464662128,0.03721358464662128,-0.015339807878856249,0.01687378866674205
13.669,-0.04453245956418156,0.04453245956418156,-0.023009711818284817,0.01380582709097089
13.690,-0.051997379732406715,0.051997379732406715,-0.026077673394055978,0.015339807878856249
13.711,-0.059605429833788484,0.059605429833788484,-0.0337475773334841,0.027611654181941336
13.731,-0.06724542325685527,0.06724542325685527,-0.04448544284868339,0.04295146206079803
13.752,-0.07510494576159595,0.07510494576159595,-0.04755340442445499,0.05062136600022615
13.773,-0.08296203457487823,0.08296203457487823,-0.04908738521234035,0.04908738521234035
13.793,-0.09096896270074403,0.09096896270074403,-0.052155346788111956,0.04908738521234035
13.814,-0.09909836619318999,0.09909836619318999,-0.05982525072754008,0.05675728915176892
13.835,-0.10729710479084803,0.10729710479084803,-0.07056311624273937,0.07363107781851097
13.855,-0.11556262873681727,0.11556262873681727,-0.07976700097005329,0.08743690490948142
13.876,-0.12388960322231626,0.12388960322231626,-0.08436894333371026,0.09203884727313838
13.897,-0.13230646020258632,0.13230646020258632,-0.08897088569736722,0.09357282806102418
13.917,-0.1406634823024349,0.1406634823024349,-0.09510680884890954,0.10277671278833811
13.938,-0.14908518377498184,0.14908518377498184,-0.0997087512125665,0.11811652066719436
13.959,-0.15752047022394716,0.15752047022394716,-0.10584467436410927,0.13038836697027945
13.979,-0.1659379994572,0.1659379994572,-0.11965050145508016,0.1365242901218222
14.000,-0.17443973496928336,0.17443973496928336,-0.11965050145508016,0.1365242901218222
14.021,-0.18294746177461277,0.18294746177461277,-0.1365242901218222,0.15646604036433542
14.041,-0.19137846153288102,0.19137846153288102,-0.14419419406125034,0.1687378866674205
14.062,-0.19978582089401664,0.19978582089401664,-0.15800002115222123,0.17794177139473444
14.082,-0.20814059214187414,0.20814059214187414,-0.17180584824319167,0.18407769454627676
14.103,-0.2164944716262967,0.2164944716262967,-0.18561167533416256,0.1932815792735907
14.123,-0.22491039368839033,0.22491039368839033,-0.19941750242513345,0.2009514832130188
14.144,-0.23328661943152193,0.23328661943152193,-0.21015536794033274,0.21015536794033274
14.165,-0.24150351938221382,0.24150351938221382,-0.22089323345553247,0.21782527187976086
14.186,-0.24971207832622033,0.24971207832622033,-0.2285631373949606,0.22549517581918943
14.206,-0.2577726778026559,0.2577726778026559,-0.23316507975861755,0.23163109897073175
14.227,-0.26569285927956815,0.26569285927956815,-0.23930100291015988,0.24083498369804568
14.247,-0.27353670977697064,0.27353670977697064,-0.24697090684958845,0.25310683000113077
14.268,-0.2813377605308345,0.2813377605308345,-0.25464081078901657,0.25770877236478773
14.288,-0.2891015550446466,0.2891015550446466,-0.2638446955163305,0.2638446955163305
14.309,-0.2966381107545861,0.2966381107545861,-0.273048580243644,0.2761165418194156
14.330,-0.3041344654194855,0.3041344654194855,-0.28071848418307255,0.2822524649709579
14.351,-0.311477159952619,0.311477159952619,-0.28532042654672907,0.2837864457588437
14.371,-0.3186606961567612,0.3186606961567612,-0.28838838812250067,0.29299033048615764
14.392,-0.3256343282178752,0.3256343282178752,-0.29299033048615764,0.3083301383650139
14.412,-0.3324660877231036,0.3324660877231036,-0.2960582920619288,0.31293208072867085
14.433,-0.33911973940809004,0.33911973940809004,-0.30066023442558576,0.3175340230923278
14.454,-0.3456651361729294,0.3456651361729294,-0.3037281960013569,0.32673790781964174
14.474,-0.3520057837471383,0.3520057837471383,-0.3098641191528997,0.33287383097118406
14.495,-0.35818855249123366,0.35818855249123366,-0.3175340230923278,0.33440781175906986
14.516,-0.364159170485221,0.364159170485221,-0.32366994624387013,0.3390097541227268
14.537,-0.36994194828417865,0.36994194828417865,-0.3313398501832987,0.3497476196379261
14.558,-0.37557193377461473,0.37557193377461473,-0.3405437349106122,0.36048548515312584
14.578,-0.3809228512780204,0.3809228512780204,-0.3497476196379261,0.35895150436524004
14.599,-0.38605944814052495,0.38605944814052495,-0.36048548515312584,0.35895150436524004
14.620,-0.39097607307809223,0.39097607307809223,-0.3742913122440963,0.363553446728897
14.640,-0.3956277591353957,0.3956277591353957,-0.37889325460775325,0.3742913122440963
14.661,-0.4000654017096687,0.4000654017096687,-0.37889325460775325,0.3834951969714102
14.682,-0.4042430650481758,0.4042430650481758,-0.385029177759296,0.385029177759296
14.702,-0.40819841045685124,0.40819841045685124,-0.39423306248660994,0.385029177759296
14.723,-0.41189064786426643,0.41189064786426643,-0.3957670432744953,0.3880971393350672
14.743,-0.4153260418028571,0.4153260418028571,-0.3957670432744953,0.3957670432744953
14.764,-0.41851429565763854,0.41851429565763854,-0.40190296642603807,0.4080388895775804
14.785,-0.4214664407609555,0.4214664407609555,-0.41264083194123735,0.4080388895775804
14.805,-0.42413417312289126,0.42413417312289126,-0.41264083194123735,0.4080388895775804
14.826,-0.42656388131831763,0.42656388131831763,-0.41570879351700896,0.4172427743048943
14.847,-0.4287314160683988,0.4287314160683988,-0.4218447166685513,0.4172427743048943
14.867,-0.4306307001779404,0.4306307001779404,-0.4233786974564371,0.4233786974564371
14.888,-0.4322615230227206,0.4322615230227206,-0.42491267824432244,0.4310486013958652
14.909,-0.4336160840431326,0.4336160840431326,-0.4295146206079794,0.4295146206079794
14.930,-0.43470397831087215,0.43470397831087215,-0.4295146206079794,0.4295146206079794
14.950,-0.43550546829385756,0.43550546829385756,-0.4310486013958652,0.4310486013958652
14.971,-0.4360304061085168,0.4360304061085168,-0.43411656297163637,0.432582582183751
14.992,-0.4362784174133258,0.4362784174133258,-0.432582582183751,0.43565054375952217
15.013,-0.4362484936637567,0.4362484936637567,-0.43411656297163637,0.43565054375952217
15.033,-0.43594645952265676,0.43594645952265676,-0.43565054375952217,0.43565054375952217
15.053,-0.43538078763602234,0.43538078763602234,-0.43871850533529333,0.43565054375952217
15.074,-0.4345520017542313,0.4345520017542313,-0.4371845245474075,0.43565054375952217
15.094,-0.43344229024302183,0.43344229024302183,-0.4371845245474075,0.43565054375952217
15.115,-0.4320577639151604,0.4320577639151604,-0.4371845245474075,0.4371845245474075
15.136,-0.4303884706875691,0.4303884706875691,-0.4371845245474075,0.43565054375952217
15.156,-0.42846829529039776,0.42846829529039776,-0.43871850533529333,0.43565054375952217
15.177,-0.42628048890266457,0.42628048890266457,-0.4371845245474075,0.43411656297163637
15.197,-0.4238065304416757,0.4238065304416757,-0.4371845245474075,0.432582582183751
15.218,-0.42107803705679553,0.42107803705679553,-0.4371845245474075,0.432582582183751
15.239,-0.4180758580856037,0.4180758580856037,-0.4371845245474075,0.432582582183751
15.259,-0.41485811291646296,0.41485811291646296,-0.4371845245474075,0.432582582183751
15.280,-0.4114333356314901,0.4114333356314901,-0.4371845245474075,0.432582582183751
15.300,-0.40776215832614754,0.40776215832614754,-0.4371845245474075,0.432582582183751
15.320,-0.40383021659798984,0.40383021659798984,-0.4371845245474075,0.4295146206079794
15.341,-0.3996585389082947,0.3996585389082947,-0.4371845245474075,0.42644665903220824
15.361,-0.3952405422182875,0.3952405422182875,-0.4371845245474075,0.42491267824432244
15.382,-0.3906036658896366,0.3906036658896366,-0.4371845245474075,0.4233786974564371
15.403,-0.3856858070752133,0.3856858070752133,-0.43565054375952217,0.4172427743048943
15.423,-0.38057278984198617,0.38057278984198617,-0.43411656297163637,0.4095728703654662
15.444,-0.3752399420354394,0.3752399420354394,-0.42491267824432244,0.40190296642603807
15.464,-0.3697258027354269,0.3697258027354269,-0.41570879351700896,0.3973010240623811
15.485,-0.3640191777331493,0.3640191777331493,-0.4080388895775804,0.39116510091083834
15.505,-0.3580731276694379,0.3580731276694379,-0.40036898563815226,0.3880971393350672
15.526,-0.3519628286525537,0.3519628286525537,-0.39269908169872414,0.38042723539563905
15.546,-0.345708587937689,0.345708587937689,-0.385029177759296,0.3742913122440963
15.567,-0.3392719422763044,0.3392719422763044,-0.38196121618352485,0.36815538909255396
15.587,-0.33267221369619704,0.33267221369619704,-0.37889325460775325,0.363553446728897
15.607,-0.3259161643432786,0.3259161643432786,-0.3742913122440963,0.35895150436524004
15.628,-0.3189939610271348,0.3189939610271348,-0.36815538909255396,0.35281558121369727
15.648,-0.31191888691953573,0.31191888691953573,-0.3650874275167828,0.34667965806215495
15.669,-0.30455339232641876,0.30455339232641876,-0.36048548515312584,0.342077715698498
15.690,-0.29692947249174767,0.29692947249174767,-0.3558835427894689,0.337475773334841
15.711,-0.28938869040729054,0.28938869040729054,-0.3558835427894689,0.3298058693954129
15.731,-0.2817246432183653,0.2817246432183653,-0.3558835427894689,0.3221359654559848
15.752,-0.2739015620360686,0.2739015620360686,-0.3558835427894689,0.31293208072867085
15.773,-0.2659366294682779,0.2659366294682779,-0.3558835427894689,0.3052621767892427
15.794,-0.25791285183352863,0.25791285183352863,-0.3543495620015831,0.2960582920619288
15.814,-0.249878025482268,0.249878025482268,-0.34821363885004075,0.28838838812250067
15.835,-0.24166432546096006,0.24166432546096006,-0.31906800388021317,0.273048580243644
15.855,-0.2334648926146597,0.2334648926146597,-0.31906800388021317,0.273048580243644
15.876,-0.22516948494120612,0.22516948494120612,-0.29145634969827183,0.25770877236478773
15.897,-0.21683166895344982,0.21683166895344982,-0.27765052260730094,0.2485048876374738
15.917,-0.2085541459661935,0.2085541459661935,-0.2638446955163305,0.24083498369804568
15.937,-0.2002187847444308,0.2002187847444308,-0.25157284921324496,0.23163109897073175
15.958,-0.19183157811099716,0.19183157811099716,-0.24083498369804568,0.22396119503130363
15.979,-0.18333744222565435,0.18333744222565435,-0.2300971181828464,0.2162912910918755
15.999,-0.17481275205091984,0.17481275205091984,-0.22089323345553247,0.20862138715244738
16.020,-0.16632943269229497,0.16632943269229497,-0.2147573103039897,0.2024854640009046
16.040,-0.15786585987206006,0.15786585987206006,-0.20862138715244738,0.1963495408493623
16.061,-0.1495114112660088,0.1495114112660088,-0.2009514832130188,0.18714565612204836
16.081,-0.14115449284946205,0.14115449284946205,-0.1932815792735907,0.17794177139473444
16.102,-0.13276825478598264,0.13276825478598264,-0.18561167533416256,0.1702718674553063
16.123,-0.12434004725833994,0.12434004725833994,-0.17487380981896328,0.1610679827279924
16.144,-0.11590918544613003,0.11590918544613003,-0.16566992509164935,0.15186409800067846
16.164,-0.10765531780508426,0.10765531780508426,-0.15953400194010658,0.14266021327336453
16.185,-0.09944430966495625,0.09944430966495625,-0.15339807878856426,0.13038836697027945
16.206,-0.09134169838853913,0.09134169838853913,-0.1472621556370215,0.11965050145508016
16.227,-0.08330485480536617,0.08330485480536617,-0.14419419406125034,0.1135145783035374
16.247,-0.07547074766553502,0.07547074766553502,-0.14112623248547917,0.10431069357622347
16.267,-0.06771939007483477,0.06771939007483477,-0.13959225169759337,0.09510680884890954
16.288,-0.06002224960245649,0.06002224960245649,-0.13805827090970757,0.08436894333371026
16.309,-0.052473989644400476,0.052473989644400476,-0.1349903093339364,0.07516505860639633
16.329,-0.04500114346453091,0.04500114346453091,-0.12425244381873712,0.0659611738790824
16.350,-0.03774065897207038,0.03774065897207038,-0.10891263593988043,0.05829126993965428
16.371,-0.030544320397221353,0.030544320397221353,-0.08897088569736722,0.04908738521234035
16.391,-0.0235262751467554,0.0235262751467554,-0.06902913545485401,0.04295146206079803
16.412,-0.016622725254045928,0.016622725254045928,-0.05062136600022615,0.038349519697141066
16.433,-0.009897118958085982,0.009897118958085982,-0.035281558121369905,0.03067961575771294
16.454,-0.00336097806815705,0.00336097806815705,-0.024543692606170175,0.023009711818284817
16.474,0.0030030490640140795,-0.0030030490640140795,-0.023009711818284817,0.018407769454627854
16.495,0.009199764170606584,-0.009199764170606584,-0.023009711818284817,0.01687378866674205
16.516,0.01519272946566999,-0.01519272946566999,-0.018407769454627854,0.01380582709097089
16.536,0.020917415551675755,-0.020917415551675755,-0.01380582709097089,0.007669903939428124
16.557,0.026433901095299833,-0.026433901095299833,-0.007669903939428124,0.0
16.578,0.03174387042336321,-0.03174387042336321,-0.0015339807878858025,-0.012271846303085088
16.598,0.03684428218618063,-0.03684428218618063,0.004601942363656963,-0.01687378866674205
16.619,0.04175367015315906,-0.04175367015315906,0.012271846303085088,-0.018407769454627854
16.640,0.04644407118597821,-0.04644407118597821,0.019941750242513212,-0.024543692606170175
16.660,0.05088036862558193,-0.05088036862558193,0.024543692606170175,-0.0337475773334841
16.681,0.05506597360643781,-0.05506597360643781,0.0322135965455983,-0.038349519697141066
16.701,0.05900483929555392,-0.05900483929555392,0.04448544284868339,-0.04448544284868339
16.722,0.06271649805412696,-0.06271649805412696,0.04448544284868339,-0.04448544284868339
16.742,0.06616986051703797,-0.06616986051703797,0.04908738521234035,-0.05829126993965428
16.763,0.06937268261201993,-0.06937268261201993,0.04908738521234035,-0.05982525072754008
16.784,0.07233117276319118,-0.07233117276319118,0.04908738521234035,-0.05982525072754008
16.804,0.07503986255184153,-0.07503986255184153,0.04908738521234035,-0.06442719309119704
16.825,0.07748699297590672,-0.07748699297590672,0.04908738521234035,-0.06902913545485401
16.846,0.07965047774529938,-0.07965047774529938,0.05062136600022615,-0.07056311624273937
16.866,0.08155361457696847,-0.08155361457696847,0.05675728915176892,-0.07209709703062517
16.887,0.08317879403704304,-0.08317879403704304,0.0659611738790824,-0.07516505860639633
16.908,0.08455937027087751,-0.08455937027087751,0.07209709703062517,-0.0813009817579391
16.929,0.08565260414610648,-0.08565260414610648,0.07516505860639633,-0.08283496254582445
16.949,0.08646330165878385,-0.08646330165878385,0.07516505860639633,-0.08283496254582445
16.970,0.08700233302673688,-0.08700233302673688,0.07363107781851097,-0.08590292412159606
16.991,0.0872708105928855,-0.0872708105928855,0.07516505860639633,-0.08590292412159606
17.011,0.08725955919996187,-0.08725955919996187,0.07363107781851097,-0.08743690490948142
17.032,0.08697590955007811,-0.08697590955007811,0.07363107781851097,-0.08743690490948142
17.052,0.0864221635388796,-0.0864221635388796,0.07516505860639633,-0.08743690490948142
17.073,0.08560054328132549,-0.08560054328132549,0.07363107781851097,-0.08743690490948142
17.093,0.08450296563891901,-0.08450296563891901,0.07363107781851097,-0.08743690490948142
17.114,0.08312198320359204,-0.08312198320359204,0.07516505860639633,-0.08743690490948142
17.135,0.08146948359621442,-0.08146948359621442,0.07516505860639633,-0.08743690490948142
17.155,0.0795472903063072,-0.0795472903063072,0.07363107781851097,-0.08743690490948142
17.176,0.07735533750839019,-0.07735533750839019,0.07516505860639633,-0.08590292412159606
17.196,0.0749467065631601,-0.0749467065631601,0.07363107781851097,-0.08436894333371026
17.217,0.0722956479934134,-0.0722956479934134,0.07363107781851097,-0.0813009817579391
17.237,0.06940287696313849,-0.06940287696313849,0.07516505860639633,-0.07976700097005329
17.257,0.06624888791007327,-0.06624888791007327,0.07516505860639633,-0.07976700097005329
17.277,0.06282324525486987,-0.06282324525486987,0.07363107781851097,-0.07976700097005329
17.298,0.05913394203240388,-0.05913394203240388,0.07363107781851097,-0.07976700097005329
17.319,0.05519512668373611,-0.05519512668373611,0.07363107781851097,-0.07976700097005329
17.339,0.05102637853823677,-0.05102637853823677,0.07363107781851097,-0.07669903939428213
17.360,0.04660837819655214,-0.04660837819655214,0.07363107781851097,-0.06902913545485401
17.380,0.04196687734559837,-0.04196687734559837,0.07363107781851097,-0.05829126993965428
17.401,0.037100051747069235,-0.037100051747069235,0.07363107781851097,-0.052155346788111956
17.421,0.03198943162727613,-0.03198943162727613,0.07363107781851097,-0.052155346788111956
17.442,0.026681242562068053,-0.026681242562068053,0.07363107781851097,-0.05522330836388312
17.463,0.021171601097996484,-0.021171601097996484,0.07363107781851097,-0.053689327575997314
17.483,0.015420014172042584,-0.015420014172042584,0.07056311624273937,-0.04755340442445499
17.504,0.009499764758036044,-0.009499764758036044,0.06135923151542544,-0.03988350048502687
17.524,0.0034027528967390808,-0.0034027528967390808,0.04601942363656919,-0.026077673394055978
17.545,-0.0028956075347688903,0.0028956075347688903,0.027611654181941336,-0.021475731030399015
17.565,-0.009366548522808937,0.009366548522808937,0.01380582709097089,-0.023009711818284817
17.586,-0.016065742780186326,0.016065742780186326,0.009203884727313927,-0.026077673394055978
17.607,-0.02295129161744039,0.02295129161744039,0.009203884727313927,-0.023009711818284817
17.628,-0.029997835606525303,0.029997835606525303,0.007669903939428124,-0.012271846303085088
17.648,-0.037158664568578276,0.037158664568578276,0.0015339807878858025,0.004601942363656963
17.669,-0.04447657400034066,0.04447657400034066,-0.019941750242513212,0.019941750242513212
17.690,-0.05195097009724285,0.05195097009724285,-0.03067961575771294,0.01687378866674205
17.711,-0.05960898904891697,0.05960898904891697,-0.03681553890925526,0.021475731030399015
17.731,-0.06725173462751072,0.06725173462751072,-0.04295146206079803,0.035281558121369905
17.752,-0.0749850546158905,0.0749850546158905,-0.04755340442445499,0.05062136600022615
17.772,-0.08281978499328498,0.08281978499328498,-0.05675728915176892,0.05982525072754008
17.793,-0.09079566902000949,0.09079566902000949,-0.0674951546669682,0.05522330836388312
17.813,-0.09884809939989696,0.09884809939989696,-0.07516505860639633,0.06135923151542544
17.834,-0.10702870705369866,0.10702870705369866,-0.0813009817579391,0.07516505860639633
17.855,-0.11529833368206777,0.11529833368206777,-0.08590292412159606,0.09510680884890954
17.876,-0.12365405901707763,0.12365405901707763,-0.09050486648525302,0.11044661672776623
17.896,-0.13212083066775063,0.13212083066775063,-0.09664078963679534,0.1135145783035374
17.917,-0.14047080946990154,0.14047080946990154,-0.10277671278833811,0.1135145783035374
17.938,-0.14884041025201156,0.14884041025201156,-0.10737865515199507,0.12271846303085132
17.958,-0.15722763723268884,0.15722763723268884,-0.1150485590914232,0.13959225169759337
17.979,-0.16573474848296363,0.16573474848296363,-0.12425244381873712,0.1487961364249073
17.999,-0.17419476529232134,0.17419476529232134,-0.13192234775816525,0.15339807878856426
18.020,-0.182630514091051,0.182630514091051,-0.13959225169759337,0.1610679827279924
18.040,-0.19109075256110966,0.19109075256110966,-0.15033011721279266,0.17180584824319167
18.061,-0.1994984742368996,0.1994984742368996,-0.1610679827279924,0.1794757521826198
18.081,-0.20782809817391434,0.20782809817391434,-0.17640779060684864,0.19021361769781953
18.102,-0.2161108647757699,0.2161108647757699,-0.19021361769781953,0.1963495408493623
18.122,-0.2243696207612295,0.2243696207612295,-0.2024854640009046,0.2009514832130188
18.143,-0.23265354697258475,0.23265354697258475,-0.21322332951610434,0.20862138715244738
18.163,-0.24092239467832444,0.24092239467832444,-0.22242721424341783,0.22089323345553247
18.184,-0.2491002990006337,0.2491002990006337,-0.2285631373949606,0.2285631373949606
18.205,-0.2572434875429722,0.2572434875429722,-0.2346990605465029,0.23316507975861755
18.225,-0.26516901484263045,0.26516901484263045,-0.24236896448593148,0.24543692606170264
18.246,-0.2729849924303529,0.2729849924303529,-0.2500388684253596,0.25310683000113077
18.266,-0.2806809223641568,0.2806809223641568,-0.25464081078901657,0.25157284921324496
18.286,-0.2882607627584524,0.2882607627584524,-0.25924275315267353,0.25310683000113077
18.307,-0.29573403173617124,0.29573403173617124,-0.268446637879987,0.268446637879987
18.327,-0.30304779096179335,0.30304779096179335,-0.27918450339518674,0.28685440733461487
18.347,-0.310274029322474,0.310274029322474,-0.28532042654672907,0.294524311274043
18.367,-0.31730594706789206,0.31730594706789206,-0.29145634969827183,0.294524311274043
18.388,-0.3242105796727123,0.3242105796727123,-0.294524311274043,0.30066023442558576
18.408,-0.3309552747675516,0.3309552747675516,-0.29912625363769996,0.31293208072867085
18.428,-0.33754268458506975,0.33754268458506975,-0.30066023442558576,0.3221359654559848
18.448,-0.3439737221347348,0.3439737221347348,-0.29912625363769996,0.32520392703175593
18.469,-0.3502651028213,0.3502651028213,-0.30066023442558576,0.3313398501832987
18.489,-0.35638386300371006,0.35638386300371006,-0.30066023442558576,0.3390097541227268
18.509,-0.3623473829469878,0.3623473829469878,-0.3098641191528997,0.34667965806215495
18.530,-0.36810824644087536,0.36810824644087536,-0.32060198466809897,0.34514567727426915
18.550,-0.3736468684741113,0.3736468684741113,-0.33287383097118406,0.34667965806215495
18.571,-0.37898144445847215,0.37898144445847215,-0.34667965806215495,0.35741752357735423
18.591,-0.3841036277819171,0.3841036277819171,-0.35895150436524004,0.36815538909255396
18.611,-0.38901543464469845,0.38901543464469845,-0.3727573314562109,0.3712233506683251
18.632,-0.3936933537520265,0.3936933537520265,-0.37889325460775325,0.3696893698804393
18.652,-0.3981436060057405,0.3981436060057405,-0.38196121618352485,0.3758252930319821
18.672,-0.40238686716342004,0.40238686716342004,-0.389631120122953,0.3865631585471814
18.693,-0.406400366554715,0.406400366554715,-0.39116510091083834,0.389631120122953
18.713,-0.41017114136946886,0.41017114136946886,-0.39116510091083834,0.389631120122953
18.733,-0.41368888543070104,0.41368888543070104,-0.40036898563815226,0.40036898563815226
18.754,-0.4169815853629246,0.4169815853629246,-0.4034369472139234,0.4080388895775804
18.774,-0.42001873248498534,0.42001873248498534,-0.4049709280018092,0.40650490878969503
18.795,-0.4228154760529994,0.4228154760529994,-0.4095728703654662,0.411106851153352
18.815,-0.4253597674888419,0.4253597674888419,-0.41570879351700896,0.4172427743048943
18.836,-0.42763257051853326,0.42763257051853326,-0.4172427743048943,0.41570879351700896
18.856,-0.4296528681718342,0.4296528681718342,-0.4187767550927801,0.41570879351700896
18.877,-0.4314060877409255,0.4314060877409255,-0.4218447166685513,0.4203107358806655
18.897,-0.43289403961047,0.43289403961047,-0.42644665903220824,0.42798063982009404
18.918,-0.434109427922046,0.434109427922046,-0.42798063982009404,0.4295146206079794
18.938,-0.4350566890814847,0.4350566890814847,-0.4295146206079794,0.4295146206079794
18.958,-0.4357395434483926,0.4357395434483926,-0.432582582183751,0.4310486013958652
18.979,-0.4361551700056981,0.4361551700056981,-0.43411656297163637,0.43411656297163637
18.999,-0.43629925693432603,0.43629925693432603,-0.432582582183751,0.43411656297163637
19.020,-0.4361713755260434,0.4361713755260434,-0.43411656297163637,0.43411656297163637
19.040,-0.4357698884711303,0.4357698884711303,-0.4371845245474075,0.43565054375952217
19.061,-0.4350948767311051,0.4350948767311051,-0.4371845245474075,0.43565054375952217
19.082,-0.434154757912186,0.434154757912186,-0.4371845245474075,0.43565054375952217
19.102,-0.4329415601799555,0.4329415601799555,-0.4371845245474075,0.43565054375952217
19.122,-0.43146835805935146,0.43146835805935146,-0.4371845245474075,0.43565054375952217
19.143,-0.42972891670905955,0.42972891670905955,-0.4371845245474075,0.43565054375952217
19.163,-0.4277206304738997,0.4277206304738997,-0.4371845245474075,0.43411656297163637
19.184,-0.42545108679542193,0.42545108679542193,-0.4371845245474075,0.43411656297163637
19.204,-0.4229222760944098,0.4229222760944098,-0.4371845245474075,0.43411656297163637
19.225,-0.42013338276632417,0.42013338276632417,-0.4371845245474075,0.432582582183751
19.245,-0.4170905371267305,0.4170905371267305,-0.4371845245474075,0.432582582183751
19.266,-0.41380282496288023,0.41380282496288023,-0.4371845245474075,0.432582582183751
19.286,-0.41026532387322295,0.41026532387322295,-0.4371845245474075,0.432582582183751
19.307,-0.40648496297927184,0.40648496297927184,-0.4371845245474075,0.4295146206079794
19.327,-0.40246206595649825,0.40246206595649825,-0.4371845245474075,0.42644665903220824
19.348,-0.39819863609832373,0.39819863609832373,-0.4371845245474075,0.42491267824432244
19.368,-0.39369377110538595,0.39369377110538595,-0.43565054375952217,0.42491267824432244
19.389,-0.388967295025449,0.388967295025449,-0.43565054375952217,0.4218447166685513
19.409,-0.3840265591624015,0.3840265591624015,-0.43565054375952217,0.4187767550927801
19.430,-0.37886167604389,0.37886167604389,-0.4310486013958652,0.41264083194123735
19.451,-0.3734375990620507,0.3734375990620507,-0.4233786974564371,0.4049709280018092
19.471,-0.367855977320488,0.367855977320488,-0.41417481272912315,0.3988350048502669
19.492,-0.36207299513955327,0.36207299513955327,-0.4080388895775804,0.39423306248660994
19.512,-0.35608017015401616,0.35608017015401616,-0.40036898563815226,0.3865631585471814
19.533,-0.34992593413828543,0.34992593413828543,-0.39423306248660994,0.38196121618352485
19.553,-0.3435904725016755,0.3435904725016755,-0.3865631585471814,0.3742913122440963
19.573,-0.3371016878703723,0.3371016878703723,-0.3834951969714102,0.3696893698804393
19.594,-0.3304164284984552,0.3304164284984552,-0.38196121618352485,0.36662140830466816
19.614,-0.3235678512534696,0.3235678512534696,-0.38042723539563905,0.3620194659410112
19.635,-0.3165844983775682,0.3165844983775682,-0.3727573314562109,0.35281558121369727
19.655,-0.3094768875085615,0.3094768875085615,-0.363553446728897,0.3436116964863838
19.675,-0.30225259097155976,0.30225259097155976,-0.3558835427894689,0.337475773334841
19.696,-0.29488864046280466,0.29488864046280466,-0.3543495620015831,0.3282718886075271
19.716,-0.28741748526743577,0.28741748526743577,-0.3543495620015831,0.32060198466809897
19.736,-0.2798207370233186,0.2798207370233186,-0.3543495620015831,0.31293208072867085
19.757,-0.2721074464602355,0.2721074464602355,-0.35281558121369727,0.3052621767892427
19.777,-0.26431520719886953,0.26431520719886953,-0.3497476196379261,0.2975922728498146
19.797,-0.2564142485557148,0.2564142485557148,-0.337475773334841,0.28992236891038603
19.818,-0.24844479610061668,0.24844479610061668,-0.32520392703175593,0.2837864457588437
19.838,-0.24039504748257243,0.24039504748257243,-0.316000042304442,0.2745825610315298
19.858,-0.23228642081004025,0.23228642081004025,-0.3067961575771281,0.26691265709210166
19.879,-0.2241258655415077,0.2241258655415077,-0.2975922728498146,0.25770877236478773
19.899,-0.2158807128225226,0.2158807128225226,-0.28838838812250067,0.2500388684253596
19.919,-0.20762552372686582,0.20762552372686582,-0.2761165418194156,0.24390294527381684
19.940,-0.19928790934115265,0.19928790934115265,-0.2638446955163305,0.23623304133438872
19.960,-0.19095795792782858,0.19095795792782858,-0.25310683000113077,0.23163109897073175
19.980,-0.18260640233077957,0.18260640233077957,-0.24236896448593148,0.22549517581918943
