t_s,motion_fraction,n_faces,largest_face_px,detect_ms
0.000,0.0000,0,0.0,2.4
0.006,0.0430,0,0.0,3.9
0.044,0.0511,0,0.0,3.3
0.075,0.0690,0,0.0,1.8
0.108,0.0647,0,0.0,1.6
0.139,0.0232,0,0.0,1.7
0.174,0.0350,0,0.0,1.5
0.206,0.0429,0,0.0,1.5
0.240,0.0479,0,0.0,1.5
0.273,0.0381,0,0.0,1.6
0.306,0.0452,0,0.0,1.5
0.339,0.0316,0,0.0,1.7
0.373,0.0426,0,0.0,1.6
0.406,0.0223,0,0.0,1.6
0.440,0.0326,0,0.0,1.5
0.473,0.0393,0,0.0,1.5
0.507,0.0138,0,0.0,1.5
0.540,0.0091,0,0.0,1.5
0.573,0.0188,0,0.0,1.7
0.607,0.0170,0,0.0,1.6
0.640,0.0125,0,0.0,1.5
0.673,0.0079,0,0.0,1.5
0.706,0.0033,0,0.0,1.5
0.739,0.0013,0,0.0,1.5
0.773,0.0035,0,0.0,1.9
0.808,0.0429,0,0.0,2.0
0.840,0.0576,0,0.0,1.6
0.873,0.0088,0,0.0,1.5
0.907,0.0279,0,0.0,1.6
0.939,0.0014,0,0.0,1.8
0.974,0.0281,0,0.0,1.5
1.006,0.0081,0,0.0,1.7
1.040,0.0240,0,0.0,1.6
1.072,0.0387,0,0.0,1.6
1.106,0.0195,0,0.0,1.5
1.139,0.0499,0,0.0,1.7
1.173,0.0438,0,0.0,1.6
1.207,0.0116,0,0.0,1.9
1.240,0.0053,0,0.0,2.0
1.275,0.0165,0,0.0,1.5
1.306,0.0001,0,0.0,1.5
1.339,0.0000,0,0.0,1.5
1.374,0.0000,0,0.0,1.6
1.406,0.0000,0,0.0,1.5
1.439,0.0000,0,0.0,2.1
1.475,0.0000,0,0.0,2.2
1.508,0.0000,0,0.0,3.2
1.542,0.0000,0,0.0,2.1
1.574,0.0000,0,0.0,1.5
1.606,0.0000,0,0.0,1.7
1.639,0.0000,0,0.0,1.6
1.674,0.0000,0,0.0,1.6
1.706,0.0000,0,0.0,1.5
1.740,0.0000,0,0.0,2.7
1.774,0.0000,0,0.0,3.3
1.808,0.0000,0,0.0,3.2
1.841,0.0000,0,0.0,3.2
1.875,0.0000,0,0.0,3.3
1.908,0.0000,0,0.0,3.3
1.941,0.0000,0,0.0,1.6
1.974,0.0000,0,0.0,1.6
2.007,0.0200,0,0.0,1.6
2.040,0.0696,0,0.0,1.8
2.073,0.0753,0,0.0,1.6
2.106,0.0064,0,0.0,1.6
2.140,0.1108,0,0.0,1.7
2.173,0.1200,0,0.0,1.6
2.206,0.0528,0,0.0,1.5
2.240,0.0056,0,0.0,1.7
2.274,0.0450,0,0.0,1.5
2.306,0.0172,0,0.0,1.9
2.340,0.0342,0,0.0,1.5
2.374,0.0270,0,0.0,1.5
2.407,0.0374,0,0.0,1.7
2.440,0.0256,0,0.0,1.7
2.474,0.0156,0,0.0,1.5
2.506,0.0060,0,0.0,1.5
2.539,0.0139,0,0.0,5.7
2.580,0.0063,0,0.0,4.8
2.612,0.0238,0,0.0,1.6
2.639,0.0149,0,0.0,1.6
2.673,0.0453,0,0.0,1.6
2.707,0.0127,0,0.0,1.6
2.739,0.0509,0,0.0,1.6
2.774,0.0443,0,0.0,1.6
2.807,0.0090,0,0.0,1.9
2.840,0.0541,0,0.0,1.7
2.873,0.0236,0,0.0,1.5
2.906,0.0069,0,0.0,1.5
2.940,0.0060,0,0.0,1.5
2.972,0.0722,0,0.0,1.6
3.006,0.0415,0,0.0,1.9
3.041,0.0738,0,0.0,1.5
3.072,0.0785,0,0.0,1.6
3.107,0.0305,0,0.0,1.7
3.140,0.0714,0,0.0,1.7
3.174,0.0188,0,0.0,1.5
3.206,0.0285,0,0.0,2.2
3.240,0.0024,0,0.0,1.6
3.273,0.0003,0,0.0,1.8
3.307,0.0001,0,0.0,1.6
3.340,0.0000,0,0.0,1.6
3.374,0.0000,0,0.0,1.5
3.406,0.0000,0,0.0,1.5
3.439,0.0001,0,0.0,1.5
3.472,0.0000,0,0.0,3.4
3.508,0.0000,0,0.0,3.6
3.572,0.0000,0,0.0,1.7
3.607,0.0000,0,0.0,1.6
3.640,0.0000,0,0.0,1.5
3.673,0.0000,0,0.0,1.5
3.706,0.0000,0,0.0,1.5
3.739,0.0000,0,0.0,1.5
3.775,0.0000,0,0.0,2.0
3.808,0.0000,0,0.0,1.6
3.840,0.0000,0,0.0,1.5
3.873,0.0000,0,0.0,1.7
3.907,0.0000,0,0.0,1.5
3.939,0.0000,0,0.0,1.5
3.974,0.0000,0,0.0,1.6
4.007,0.0000,0,0.0,1.6
4.040,0.0000,0,0.0,1.6
4.073,0.0012,0,0.0,1.6
4.106,0.0005,0,0.0,1.7
4.140,0.0016,0,0.0,1.6
4.173,0.0009,0,0.0,1.5
4.206,0.0398,0,0.0,1.5
4.240,0.0169,0,0.0,1.6
4.274,0.0148,0,0.0,1.7
4.307,0.0562,0,0.0,1.7
4.340,0.0327,0,0.0,1.5
4.373,0.0166,0,0.0,1.5
4.405,0.0137,0,0.0,1.6
4.439,0.0461,0,0.0,1.6
4.473,0.0034,0,0.0,1.6
4.506,0.0032,0,0.0,1.5
4.539,0.0018,0,0.0,1.6
4.573,0.0047,0,0.0,1.5
4.606,0.0038,0,0.0,1.5
4.639,0.0231,0,0.0,1.8
4.673,0.0352,0,0.0,1.5
4.707,0.0009,0,0.0,1.5
4.740,0.0014,0,0.0,1.5
4.773,0.0013,0,0.0,1.5
4.806,0.0044,0,0.0,1.5
4.840,0.0058,0,0.0,1.6
4.873,0.0435,0,0.0,1.6
4.906,0.0707,0,0.0,1.5
4.939,0.0330,0,0.0,1.6
4.974,0.0203,0,0.0,1.6
5.006,0.0094,0,0.0,1.8
5.040,0.0049,0,0.0,1.7
5.073,0.0174,0,0.0,1.7
5.106,0.0543,0,0.0,1.7
5.139,0.0420,0,0.0,1.6
5.172,0.0249,0,0.0,3.8
5.209,0.0279,0,0.0,3.5
5.242,0.0403,0,0.0,3.5
5.276,0.0009,0,0.0,3.4
5.308,0.0089,0,0.0,1.6
5.339,0.0015,0,0.0,1.5
5.372,0.0000,0,0.0,1.6
5.407,0.0000,0,0.0,1.7
5.439,0.0000,0,0.0,1.5
5.472,0.0000,0,0.0,1.5
5.506,0.0000,0,0.0,1.7
5.540,0.0000,0,0.0,1.5
5.573,0.0000,0,0.0,1.9
5.607,0.0000,0,0.0,1.8
5.639,0.0000,0,0.0,1.6
5.672,0.0000,0,0.0,1.5
5.706,0.0000,0,0.0,1.8
5.740,0.0000,0,0.0,1.5
5.772,0.0000,0,0.0,1.5
5.806,0.0000,0,0.0,1.5
5.840,0.0000,0,0.0,1.6
5.873,0.0000,0,0.0,1.5
5.906,0.0000,0,0.0,1.5
5.938,0.0000,0,0.0,1.6
5.972,0.0000,0,0.0,1.5
6.038,0.0032,0,0.0,3.7
6.075,0.0985,0,0.0,3.4
6.108,0.0115,0,0.0,3.5
6.142,0.1193,0,0.0,3.4
6.175,0.1156,0,0.0,3.6
6.209,0.0466,0,0.0,4.1
6.243,0.0198,0,0.0,3.1
6.274,0.0047,0,0.0,2.5
6.307,0.0554,0,0.0,1.5
6.340,0.0130,0,0.0,2.4
6.373,0.0159,0,0.0,2.6
6.407,0.0172,0,0.0,1.6
6.439,0.0599,0,0.0,1.7
6.472,0.0401,0,0.0,1.5
6.505,0.0557,0,0.0,1.5
6.539,0.0100,0,0.0,1.5
6.572,0.0275,0,0.0,1.7
6.606,0.0050,0,0.0,1.6
6.639,0.0277,0,0.0,1.5
6.673,0.0269,0,0.0,1.5
6.706,0.0435,0,0.0,1.5
6.739,0.0471,0,0.0,1.5
6.773,0.0447,0,0.0,1.7
6.806,0.0665,0,0.0,1.5
6.839,0.0308,0,0.0,1.6
6.872,0.0378,0,0.0,1.6
6.906,0.0376,0,0.0,1.6
6.940,0.0028,0,0.0,1.6
6.973,0.0005,0,0.0,1.5
7.006,0.0157,0,0.0,1.7
7.039,0.0475,0,0.0,1.6
7.073,0.0323,0,0.0,1.6
7.106,0.0448,0,0.0,1.6
7.139,0.0528,0,0.0,1.6
7.173,0.0171,0,0.0,3.2
7.209,0.0221,0,0.0,3.6
7.242,0.0156,0,0.0,3.2
7.275,0.0013,0,0.0,1.6
7.307,0.0000,0,0.0,1.5
7.340,0.0001,0,0.0,1.5
7.373,0.0005,0,0.0,1.5
7.406,0.0008,0,0.0,1.5
7.439,0.0000,0,0.0,1.6
7.473,0.0001,0,0.0,1.6
7.506,0.0001,0,0.0,1.7
7.539,0.0002,0,0.0,1.6
7.573,0.0002,0,0.0,1.6
7.606,0.0002,0,0.0,1.5
7.638,0.0002,0,0.0,1.5
7.673,0.0003,0,0.0,1.6
7.706,0.0005,0,0.0,1.5
7.738,0.0005,0,0.0,2.7
7.774,0.0003,0,0.0,1.6
7.806,0.0006,0,0.0,1.5
7.839,0.0008,0,0.0,1.6
7.905,0.0009,0,0.0,1.7
7.939,0.0007,0,0.0,1.6
7.973,0.0008,0,0.0,1.6
8.006,0.0005,0,0.0,1.9
8.039,0.0007,0,0.0,1.5
8.072,0.0023,0,0.0,1.5
8.106,0.0015,0,0.0,1.5
8.139,0.0054,0,0.0,1.6
8.173,0.0119,0,0.0,1.5
8.206,0.0281,0,0.0,1.5
8.240,0.0271,0,0.0,1.6
8.273,0.0599,0,0.0,1.5
8.306,0.0497,0,0.0,1.7
8.340,0.0406,0,0.0,1.7
8.373,0.0323,0,0.0,1.6
8.405,0.0283,0,0.0,1.7
8.439,0.0404,0,0.0,1.5
8.472,0.0083,0,0.0,1.5
8.505,0.0118,0,0.0,1.5
8.539,0.0311,0,0.0,1.5
8.573,0.0200,0,0.0,1.5
8.606,0.0207,0,0.0,1.6
8.639,0.0444,0,0.0,1.6
8.673,0.0388,0,0.0,1.5
8.706,0.0205,0,0.0,1.5
8.739,0.0143,0,0.0,2.0
8.773,0.0140,0,0.0,1.5
8.806,0.0153,0,0.0,1.5
8.839,0.0232,0,0.0,1.7
8.873,0.0366,0,0.0,1.6
8.906,0.0553,0,0.0,1.8
8.939,0.0419,0,0.0,1.5
8.972,0.0335,0,0.0,2.1
9.006,0.0312,0,0.0,1.6
9.038,0.0097,0,0.0,1.5
9.072,0.0177,0,0.0,1.6
9.106,0.0159,0,0.0,1.7
9.140,0.0337,0,0.0,1.5
9.172,0.0101,0,0.0,1.5
9.206,0.0134,0,0.0,1.7
9.240,0.0314,0,0.0,1.5
9.272,0.0340,0,0.0,1.5
9.306,0.0103,0,0.0,1.6
9.339,0.0144,0,0.0,1.5
9.373,0.0117,0,0.0,1.6
9.406,0.0128,0,0.0,1.8
9.440,0.0130,0,0.0,1.5
9.505,0.0251,0,0.0,1.6
9.539,0.0160,0,0.0,1.5
9.572,0.0155,0,0.0,1.5
9.606,0.0168,0,0.0,1.6
9.639,0.0161,0,0.0,1.5
9.672,0.0139,0,0.0,1.6
9.706,0.0134,0,0.0,1.5
9.740,0.0117,0,0.0,1.7
9.773,0.0133,0,0.0,1.5
9.805,0.0162,0,0.0,1.6
9.839,0.0191,0,0.0,1.5
9.872,0.0199,0,0.0,1.5
9.906,0.0233,0,0.0,2.0
9.940,0.0269,0,0.0,1.6
9.973,0.0297,0,0.0,1.5
10.007,0.0409,0,0.0,1.6
10.039,0.0654,0,0.0,1.6
10.072,0.0519,1,34.5,1.7
10.106,0.0953,1,44.7,1.6
10.139,0.1339,1,58.8,1.6
10.173,0.1148,1,51.9,1.6
10.207,0.0858,1,39.6,3.4
10.243,0.0870,1,36.5,2.9
10.274,0.0840,1,30.8,1.6
10.306,0.0692,1,19.3,1.7
10.340,0.0683,1,16.6,1.7
10.373,0.0591,1,11.8,1.7
10.406,0.0633,1,8.5,1.7
10.439,0.0641,1,3.8,1.6
10.472,0.0408,1,0.2,1.7
10.506,0.0358,1,2.4,2.1
10.540,0.0435,1,-1.1,1.7
10.573,0.0325,1,-1.9,1.7
10.607,0.0346,1,-0.8,1.6
10.640,0.0228,1,-1.8,1.6
10.673,0.0454,1,-9.0,1.6
10.706,0.0358,1,-11.6,1.6
10.739,0.0623,1,-8.5,1.6
10.772,0.0576,1,-7.3,1.6
10.806,0.0687,1,-8.0,1.7
10.839,0.0557,1,-6.2,1.6
10.873,0.0430,1,-5.4,1.6
10.906,0.0522,1,-9.1,1.6
10.939,0.0532,1,-6.7,1.6
10.973,0.0568,1,-6.8,1.6
11.006,0.0627,1,-8.2,2.1
11.040,0.0432,1,-12.1,1.6
11.072,0.0528,1,-9.6,1.8
11.106,0.0399,1,-10.9,1.7
11.139,0.0800,1,-11.7,1.7
11.173,0.0364,1,-18.0,1.6
11.206,0.0397,1,-18.4,1.7
11.239,0.0428,1,-20.5,1.8
11.273,0.0325,1,-22.9,1.6
11.306,0.0293,1,-23.0,1.7
11.340,0.0282,1,-24.9,1.6
11.372,0.0261,1,-25.9,1.7
11.406,0.0258,1,-30.4,1.6
11.439,0.0310,1,-27.1,1.6
11.472,0.0314,1,-28.5,1.6
11.506,0.0336,1,-26.9,1.7
11.539,0.0326,1,-28.9,1.6
11.573,0.0324,1,-29.1,1.6
11.606,0.0314,1,-29.0,1.7
11.640,0.0330,1,-29.9,1.6
11.672,0.0355,1,-32.4,1.6
11.706,0.0396,1,-35.4,1.6
11.738,0.0429,1,-40.0,1.7
11.773,0.0448,1,-41.0,1.6
11.806,0.0468,1,-44.9,1.7
11.839,0.0480,1,-46.6,1.7
11.873,0.0484,1,-51.1,1.6
11.906,0.0493,1,-57.2,1.6
11.939,0.0497,1,-60.0,1.6
11.972,0.0488,1,-64.0,1.6
12.006,0.0502,1,-67.5,2.0
12.040,0.0531,1,-71.7,2.6
12.074,0.0527,1,-72.2,1.7
12.105,0.0559,1,-73.8,1.6
12.139,0.0612,1,-75.8,1.6
12.172,0.0723,1,-79.7,1.6
12.206,0.0654,1,-80.7,1.6
12.239,0.0712,1,-84.5,2.0
12.273,0.0632,1,-84.7,1.5
12.306,0.0833,1,-86.8,1.6
12.339,0.0819,1,-87.0,1.7
12.373,0.0700,1,-86.6,1.6
12.406,0.0771,1,-84.6,1.6
12.439,0.0775,1,-83.9,1.6
12.473,0.0572,1,-83.0,1.6
12.506,0.0631,1,-82.5,1.6
12.540,0.0606,1,-81.1,1.6
12.573,0.0693,1,-78.2,1.6
12.606,0.0516,1,-78.5,1.6
12.639,0.0680,1,-77.2,1.7
12.674,0.0630,1,-77.1,1.6
12.706,0.0392,1,-78.7,1.7
12.739,0.0552,1,-80.9,1.6
12.773,0.0359,1,-83.6,1.6
12.806,0.0422,1,-83.2,1.7
12.839,0.0456,1,-84.8,1.7
12.872,0.0545,1,-85.8,1.7
12.905,0.0706,1,-87.2,1.6
12.939,0.0700,1,-87.5,1.6
12.973,0.0595,1,-86.4,1.7
13.006,0.0404,1,-87.6,2.0
13.040,0.0359,1,-87.5,4.0
13.076,0.0425,1,-89.3,3.3
13.108,0.0645,1,-89.6,3.3
13.141,0.0457,1,-90.7,1.7
13.174,0.0340,1,-90.8,1.7
13.207,0.0584,1,-91.8,1.6
13.240,0.0380,1,-95.1,1.7
13.273,0.0409,1,-92.4,1.6
13.306,0.0336,1,-91.9,1.9
13.340,0.0169,1,-92.4,1.6
13.373,0.0145,1,-92.3,1.7
13.406,0.0120,1,-92.5,1.7
13.439,0.0098,1,-91.8,2.0
13.474,0.0080,1,-93.0,1.6
13.506,0.0068,1,-93.1,1.7
13.540,0.0047,1,-93.2,1.6
13.573,0.0038,1,-93.6,1.6
13.606,0.0028,1,-93.8,1.7
13.639,0.0025,1,-93.8,1.7
13.673,0.0018,1,-94.1,1.7
13.706,0.0017,1,-93.6,1.7
13.739,0.0032,1,-94.2,1.6
13.773,0.0033,1,-93.4,1.6
13.806,0.0042,1,-93.1,2.0
13.840,0.0051,1,-92.9,2.2
13.874,0.0053,1,-92.9,3.9
13.909,0.0049,1,-93.5,3.6
13.942,0.0053,1,-93.3,3.0
13.974,0.0059,1,-93.5,3.5
14.008,0.0406,1,-92.6,3.7
14.042,0.0646,1,-92.7,1.6
14.074,0.0624,1,-93.4,1.6
14.106,0.0579,1,-93.6,1.6
14.140,0.1179,1,-95.8,1.8
14.173,0.1307,1,-97.6,1.6
14.206,0.0847,1,-96.5,2.5
14.242,0.0579,1,-98.9,1.7
14.273,0.0544,1,-98.0,1.7
14.306,0.0918,1,-96.6,1.6
14.340,0.0527,1,-96.8,1.6
14.372,0.0623,1,-98.6,1.7
14.439,0.0513,1,-97.6,1.6
14.473,0.0647,1,-99.2,1.7
14.506,0.0441,1,-98.7,1.7
14.540,0.0432,1,-96.8,1.6
14.573,0.0792,1,-94.4,1.9
14.606,0.0827,1,-96.2,1.6
14.639,0.0860,1,-96.8,3.2
14.675,0.0868,1,-96.8,3.3
14.708,0.0627,1,-96.5,1.7
14.740,0.0875,1,-94.3,1.7
14.773,0.0638,1,-95.1,1.7
14.806,0.0369,1,-95.3,1.7
14.840,0.1227,1,-96.2,1.8
14.873,0.0844,1,-95.8,1.8
14.907,0.0789,1,-96.4,1.9
14.941,0.0245,1,-94.9,1.7
14.973,0.0628,1,-96.0,3.2
15.008,0.0695,1,-95.7,3.6
15.042,0.0912,1,-97.0,1.6
15.073,0.0462,1,-97.0,1.6
15.106,0.0671,1,-97.4,1.6
15.140,0.0270,1,-96.4,1.6
15.173,0.0693,1,-96.2,1.6
15.206,0.0237,1,-99.0,1.6
15.241,0.0318,1,-99.5,1.7
15.273,0.0220,1,-99.3,1.8
15.307,0.0254,1,-100.1,1.6
15.339,0.0253,1,-100.0,1.8
15.373,0.0242,1,-100.3,1.6
15.406,0.0255,1,-101.2,1.6
15.439,0.0227,1,-102.7,1.6
15.473,0.0223,1,-103.4,1.7
15.507,0.0211,1,-104.0,1.7
15.540,0.0216,1,-104.8,1.8
15.573,0.0192,1,-105.6,1.6
15.606,0.0179,1,-106.8,1.6
15.639,0.0171,1,-107.3,1.7
15.673,0.0206,1,-106.1,1.8
15.707,0.0235,1,-108.8,1.6
15.739,0.0229,1,-108.4,1.8
15.774,0.0226,1,-104.7,1.6
15.807,0.0206,1,-104.5,1.7
15.840,0.0184,1,-105.8,1.9
15.874,0.0154,1,-101.3,1.6
15.906,0.0112,1,-102.3,1.9
15.940,0.0069,1,-102.0,1.6
15.973,0.0022,1,-100.5,1.7
16.006,0.0032,1,-100.6,3.8
16.043,0.0100,1,-102.5,2.0
16.075,0.0072,1,-103.9,1.8
16.106,0.0092,1,-105.3,1.7
16.140,0.0136,1,-104.9,1.9
16.174,0.0281,1,-103.0,1.6
16.206,0.0142,1,-99.7,1.6
16.239,0.0254,1,-101.9,1.6
16.273,0.0401,1,-102.7,1.7
16.307,0.0623,1,-102.6,3.3
16.342,0.0507,1,-101.9,3.0
16.375,0.0553,1,-100.7,1.6
16.406,0.0739,1,-103.0,1.8
16.440,0.0586,1,-102.0,1.7
16.505,0.0639,1,-99.8,1.9
16.541,0.0304,1,-98.3,1.7
16.573,0.0391,1,-100.4,1.6
16.606,0.0564,1,-100.8,2.0
16.640,0.0231,1,-100.3,1.9
16.674,0.0434,1,-100.3,1.8
16.707,0.0450,1,-99.0,1.7
16.739,0.0252,1,-97.9,1.7
16.773,0.0328,1,-98.0,1.7
16.806,0.0206,1,-97.6,1.6
16.839,0.0278,1,-95.8,1.9
16.873,0.0383,1,-96.2,3.4
16.908,0.0576,1,-96.4,3.3
16.941,0.0868,1,-95.5,3.3
16.975,0.0892,1,-93.2,2.1
17.007,0.0719,1,-92.2,1.8
17.039,0.0615,1,-92.5,1.6
17.072,0.0396,1,-92.3,1.7
17.106,0.0376,1,-91.3,1.6
17.140,0.0577,1,-91.6,1.7
17.173,0.0630,1,-89.8,1.7
17.207,0.0571,1,-89.6,1.7
17.240,0.0430,1,-89.9,1.7
17.274,0.0452,1,-89.5,3.3
17.309,0.0337,1,-90.0,3.3
17.341,0.0303,1,-89.3,2.5
17.374,0.0272,1,-90.6,1.7
17.407,0.0277,1,-89.3,1.6
17.440,0.0291,1,-88.6,1.6
17.473,0.0260,1,-87.9,1.7
17.506,0.0254,1,-88.4,1.7
17.539,0.0249,1,-88.6,1.8
17.573,0.0222,1,-87.6,1.7
17.606,0.0213,1,-87.5,1.6
17.640,0.0210,1,-87.5,1.6
17.673,0.0206,1,-87.2,1.6
17.707,0.0184,1,-88.0,1.6
17.739,0.0182,1,-86.6,1.6
17.773,0.0176,1,-84.9,1.7
17.806,0.0169,1,-84.3,1.8
17.840,0.0152,1,-84.7,1.6
17.873,0.0143,1,-84.8,1.6
17.905,0.0128,1,-84.7,1.6
17.939,0.0107,1,-83.9,1.6
17.973,0.0104,1,-83.3,1.9
18.007,0.0259,1,-82.6,1.8
18.040,0.0715,1,-82.6,3.6
18.075,0.0530,1,-81.4,1.6
18.105,0.0941,1,-83.2,1.6
18.139,0.1051,1,-81.5,1.7
18.173,0.1084,1,-85.3,1.7
18.206,0.0674,1,-85.7,1.7
18.240,0.1024,1,-89.3,1.6
18.273,0.0705,1,-89.6,1.6
18.306,0.0969,1,-88.9,1.7
18.340,0.0989,1,-87.4,1.6
18.372,0.0380,1,-86.8,1.6
18.407,0.0795,1,-89.5,1.7
18.440,0.1071,1,-90.7,1.7
18.474,0.0505,1,-90.9,1.7
18.507,0.0915,1,-89.1,1.7
18.540,0.0826,1,-88.4,1.6
18.573,0.0330,1,-88.0,1.7
18.607,0.0789,1,-87.7,3.3
18.643,0.0621,1,-89.2,1.7
18.674,0.0537,1,-89.1,1.6
18.706,0.0460,1,-89.2,1.7
18.740,0.0746,1,-89.1,1.6
18.773,0.0728,1,-88.5,1.6
18.807,0.1094,1,-92.0,1.7
18.840,0.0736,1,-93.4,1.7
18.905,0.0628,1,-94.4,1.8
18.940,0.0622,1,-95.1,1.9
18.974,0.0602,1,-93.3,1.6
19.006,0.0892,1,-96.4,3.5
19.043,0.0566,1,-97.4,1.6
19.105,0.0539,1,-97.8,1.8
19.140,0.1041,1,-98.4,1.8
19.205,0.0380,1,-98.6,2.0
19.241,0.0709,1,-100.6,3.3
19.276,0.0456,1,-102.1,3.3
19.308,0.0269,1,-102.7,3.3
19.341,0.0240,1,-103.0,2.6
19.374,0.0240,1,-104.3,3.5
19.408,0.0230,1,-103.7,1.8
19.441,0.0210,1,-105.4,1.8
19.474,0.0207,1,-105.9,1.6
19.506,0.0185,1,-104.2,1.6
19.539,0.0189,1,-106.1,1.7
19.573,0.0162,1,-106.3,1.7
19.606,0.0138,1,-104.8,1.8
19.640,0.0136,1,-105.4,1.7
19.673,0.0148,1,-105.8,1.6
19.706,0.0184,1,-106.3,1.7
19.740,0.0202,1,-107.9,1.7
19.773,0.0238,1,-106.3,1.6
19.806,0.0254,1,-106.3,1.6
19.839,0.0239,1,-102.3,1.7
19.873,0.0253,1,-101.1,1.6
19.905,0.0251,1,-102.4,1.7
19.939,0.0220,1,-99.7,1.7
19.973,0.0190,1,-100.4,1.6
