t_s,angle_rad,speech_detected
0.000,0.8377580642700195,True
0.102,0.767944872379303,True
0.200,0.8028514385223389,True
0.550,0.8552113175392151,False
0.599,0.8552113175392151,False
0.641,0.8552113175392151,False
0.705,0.8552113175392151,False
0.803,0.8552113175392151,False
0.908,0.8552113175392151,False
1.009,0.8552113175392151,False
1.112,0.8552113175392151,False
1.424,0.8552113175392151,False
1.469,0.8552113175392151,False
1.727,0.8552113175392151,False
1.784,0.8552113175392151,False
1.821,0.8552113175392151,False
1.901,0.8552113175392151,False
2.003,0.8552113175392151,False
2.103,0.8552113175392151,False
2.201,0.8552113175392151,False
2.539,0.8552113175392151,False
2.565,0.8552113175392151,False
2.603,0.8552113175392151,False
2.715,0.8552113175392151,False
2.815,0.8552113175392151,False
2.915,0.8552113175392151,False
3.015,0.8552113175392151,True
3.336,0.8552113175392151,False
3.368,0.8552113175392151,False
3.404,0.8552113175392151,False
3.501,0.8552113175392151,False
3.615,0.8552113175392151,False
3.715,0.8552113175392151,False
3.815,0.8552113175392151,False
3.915,0.8552113175392151,False
4.015,0.8552113175392151,False
4.115,0.8552113175392151,False
4.215,0.8552113175392151,False
4.315,0.8552113175392151,False
4.415,0.8552113175392151,False
4.515,0.8552113175392151,False
4.615,0.8552113175392151,False
4.715,0.8552113175392151,False
4.815,0.8552113175392151,False
4.915,0.8552113175392151,False
5.015,0.8552113175392151,False
5.115,0.8552113175392151,False
5.215,0.8552113175392151,False
5.315,0.8552113175392151,False
5.415,0.8552113175392151,False
5.515,0.8552113175392151,False
5.615,0.8552113175392151,False
5.715,0.8552113175392151,False
5.815,0.8552113175392151,False
5.915,0.8552113175392151,False
6.008,0.8552113175392151,False
6.115,0.8552113175392151,False
6.215,0.8552113175392151,False
6.315,0.8552113175392151,False
6.415,0.8552113175392151,False
6.515,0.8552113175392151,False
6.615,0.8552113175392151,False
6.715,0.8552113175392151,False
6.815,0.8552113175392151,False
6.915,0.8552113175392151,False
7.236,1.7802358865737915,False
7.263,1.7802358865737915,False
7.301,1.7802358865737915,False
7.401,1.7802358865737915,False
7.515,1.7802358865737915,False
7.615,1.7802358865737915,False
7.715,1.7802358865737915,False
7.815,1.7802358865737915,False
7.915,1.7802358865737915,False
8.015,1.7802358865737915,False
8.115,1.7802358865737915,False
8.220,1.7802358865737915,False
8.315,1.7802358865737915,False
8.639,1.7802358865737915,False
8.675,1.7802358865737915,False
8.708,1.0821040868759155,True
8.804,1.0821040868759155,True
8.915,1.0821040868759155,False
9.015,1.0821040868759155,False
9.101,1.0821040868759155,False
9.215,1.0821040868759155,False
9.315,1.0821040868759155,False
9.415,1.0821040868759155,False
9.515,1.0821040868759155,False
9.615,1.0821040868759155,False
9.715,1.0821040868759155,False
9.820,1.0821040868759155,False
9.915,1.0821040868759155,False
10.236,1.0821040868759155,False
10.294,1.0821040868759155,False
10.342,1.0821040868759155,False
10.405,1.0821040868759155,False
10.503,1.0821040868759155,False
10.604,1.0821040868759155,False
10.927,0.6108652353286743,False
10.992,0.6108652353286743,False
11.147,1.972222089767456,True
11.222,1.972222089767456,True
11.301,0.6108652353286743,True
11.374,1.884955644607544,True
11.462,1.0821040868759155,True
11.584,1.0821040868759155,True
11.883,1.0821040868759155,False
11.932,1.0821040868759155,False
12.407,1.0821040868759155,False
12.512,1.0821040868759155,False
13.024,1.0821040868759155,False
13.073,1.0821040868759155,False
13.139,1.0821040868759155,False
13.187,1.0821040868759155,False
13.236,1.0821040868759155,False
13.280,1.0821040868759155,False
13.326,1.0821040868759155,False
13.661,1.0821040868759155,False
13.929,1.0821040868759155,False
13.984,1.0821040868759155,False
14.039,1.0821040868759155,False
14.712,1.0821040868759155,False
15.026,1.9373154640197754,True
15.105,1.9373154640197754,False
15.209,1.9373154640197754,False
15.272,1.9373154640197754,False
15.549,1.9373154640197754,False
15.852,1.9373154640197754,False
16.121,2.059488534927368,False
16.389,0.01745329238474369,True
16.486,0.01745329238474369,True
16.540,0.01745329238474369,True
16.598,0.01745329238474369,True
16.658,1.7453292608261108,True
16.705,1.7453292608261108,True
16.745,0.6283185482025146,True
16.799,0.6283185482025146,True
17.886,0.0,False
17.935,0.0,False
18.182,1.3439035415649414,True
18.464,1.7453292608261108,False
18.520,1.7453292608261108,False
18.986,1.7453292608261108,False
19.073,1.7453292608261108,False
19.155,1.7453292608261108,False
19.236,1.7453292608261108,False
19.544,1.3613568544387817,False
19.614,1.3613568544387817,False
19.664,1.3613568544387817,False
19.996,1.3613568544387817,False
